,text,old
0,['وجه رشد نظر طبق'],التوجيه والارشاد النظرية والتطبيق
1,['طور رأس مال بشر'],تطوير رأس المال البشري
2,['صمم طبق نظم قعد بين علق'],تصميم وتطبيق نظم قواعد البيانات العلائقية
3,['طور مقاييس نظر طبق'],تطوير المقاييس النظرية والتطبيق
4,['عمل كبي مفاهيم مرس'],الأعمال المكتبية المفاهيم والممارسات
5,['درة حوكم رقم'],إدارة الحوكمة الرقمية
6,['ذكء عمل حلل علم بين'],ذكاء الأعمال والتحليلات وعلم البيانات
7,['سيس الة ولو نمو تطلب عدل'],السياسات المالية بين أولويات النمو ومتطلبات العدالة
8,['قضء دري وتطبيقاته ملك عرب سعد'],القضاء الإداري وتطبيقاته في المملكة العربية السعودية
9,['عدد خير طور قيد دري نسي جهز حكم درس يدن'],إعداد واختيار وتطوير القيادات الإدارية النسائية في الأجهزة الحكومية (دراسة ميدانية)
10,['درة استراتيجية نظم علم'],الإدارة الاستراتيجية لنظم المعلومات
11,['بحث درس حلة صمم الب'],بحوث دراسة الحالة التصميم والأساليب
12,['حصء علم خطة خطو'],الإحصاء الامعلمي خطوة بخطوة
13,['سوق مال سعد نشأ أدؤ كفء'],سوق المال السعودي نشأتها وأداؤها وكفاءتها
14,['سهم مدى طول'],الأسهم في المدى الطويل
15,['اكس يبر نهج علم حلل نظر'],ماكس فيبر: المنهج العلمي والتحليلات النظرية
16,['دخل الى نظم جري سعد'],المدخل إلى النظام التجاري السعودي
17,['تصل دري استراتيجي طبق'],الاتصال الإداري: إستراتيجيات وتطبيقات
18,['شبك عرف رمج فهم شمل'],الشبكات المعرفة بالبرمجيات: المفهوم الشامل
19,['علم قيد اصل خمس سسي صبح قئد'],تعلم القيادة الأصول الخمسة الأساسية لتصبح قائدا
20,['حوكم شرك سئل اجتماعية شرك'],حوكمة الشركات والمسئولية الاجتماعية للشركات
21,['بكر قطع عام'],الابتكار في القطاع العام
22,['حسب حكم ملك عرب سعد'],المحاسبة الحكومية في المملكة العربية السعودية
23,['الي فعل ثقف قنن'],آليات تفعيل الثقافة القانونية
24,['رجع دخل قطع عام'],المراجعة الداخلية في القطاع العام
25,['حوسب سحب سسي بدئ طبق'],الحوسبة السحابية: أساسيات ومبادئ وتطبيقات
26,['قيم وقع درة ازم كرث'],تقييم واقع إدارة الأزمات والكوارث
27,['تحمس خدم'],متحمسون للخدمة
28,['عمل ؤثر نقل اثر درب وقع عمل جهز حكم ملك عرب سعد'],العوامل المؤثرة في انتقال أثر التدريب للواقع العملي في الأجهزة الحكومية بالمملكة العربية السعودية
29,['قيد غير'],قيادة التغيير
30,['دخل وحد حفز'],داخل وحدة الحفز
31,['سبل عمل دخل خصص جهز حكم'],سبل التعامل مع التداخل في اختصاصات الأجهزة الحكومية
32,['نقد مول دول'],النقد والتمويل الدولي
33,['درة عمة قدم'],الإدارة العامة القادمة
34,['درة استراتيجية نظم رعي صحة'],الإدارة الإستراتيجية في منظمات الرعاية الصحية
35,['دلل سئل نفذ حوكم قني علم'],دليل المسئول التنفيذي لحوكمة تقنية المعلومات
36,['درة عمة دول حدث قيم توج تبع'],الإدارة العامة والدولة الحديثة تقييم التوجهات والتبعات
37,['شرك شخص وحد نظم شرك سعد'],شركة الشخص الواحد في نظام الشركات السعودي
38,['امن علم إدر خطر قني علم'],أمن المعلومات وإدارة مخاطر تقنية المعلومات
39,['فضل مرس انحداراللوجستي'],أفضل الممارسات في الانحداراللوجستي
40,['خدم الب حصئ حسب قضي'],استخدام الأساليب الإحصائية في المحاسبة القضائية
41,['قعد بكر جهز حكم أثر نظم حكم قاعد وظف'],التقاعد المبكر في الأجهزة الحكومية وأثره على المنظمة الحكومية والمتقاعد والموظف   
42,['قيم جرب رأة سعد نصب قيد جهز حكم'],تقييم تجربة المرأة السعودية في المناصب القيادية في الأجهزة  الحكومية
43,['وءم وظف وظف أثر نية لتر وظف'],المواءمة بين الموظف والوظيفة وأثرها في النية لترك الوظيفة
44,['طبق عمل فعل كمل سيس عمة درة'],التطبيق العملي الفعال التكامل بين السياسة العامة والإدارة 
45,['جرء حقق حكم نظم جرء جزي سعد'],إجراءات التحقيق والمحاكمة في نظام الإجراءات الجزائية السعودي
46,['عدة فكر قدم خدم حكم'],إعادة التفكير في تقديم الخدمات الحكومية
47,['قان الي'],القانون المالي
48,['كفي هنة'],الكفايات المهنية
49,['مدى كفء فعل يزن عمة'],مدى كفاءة وفاعلية الميزانية العامة
50,['طور نظم'],تطوير المنظمات
51,['وذج بني لدر رأس مال'],نموذج بنائي لدور رأس المال
52,['رجع عقد دري ملك عرب سعد'],المرجع في العقود الإدارية في المملكة العربية السعودية
53,['قيد حول عوق طبق جهز حكم'],القيادة التحويلية ومعوقات تطبيقها في الأجهزة الحكومية
54,['قيم مدى كفي حفز ادة سلم وظف عمة زيد ناج وظف جهز حكم'],تقييم مدى كفاية الحوافز المادية في سلم الوظائف العامة لزيادة إنتاجية الموظفين في الأجهزة الحكومية   
55,['مدى طبق خطط جهز حكم ملك عرب سعد'],مدى تطبيق الخطط في الأجهزة الحكومية في المملكة العربية السعودية
56,['قيد دري نظر طبق'],القيادة الإدارية: النظرية والتطبيق
57,['ثور بين'],ثورة البيانات
59,['درب طور وظف'],تدريب وتطوير الموظفين
60,['درة ادء اسس خطر دمج استراتيجية إدر خطر'],إدارة الأداء على أساس المخاطر الدمج بين الإستراتيجية وإدارة المخاطر
61,['سئل حوكم شرك نظر فحص خير نظم تبع'],مسائل حوكمة الشركات نظرة فاحصة على الخيارات التنظمية وتبعاتها 
62,['سلم رضى وجد رعي صحة'],سلامة المرضى وجودة الرعاية الصحية
63,['سلك سوق الة'],سلوك الأسواق المالية
64,['ؤشر ادء رئس ؤسس حكم وغر ربح'],مؤشرات الأداء الرئيسية للمؤسسات الحكومية وغير الربحية
65,['اثر طبق حكم الكترونية حقق شفف الكترونية'],أثر تطبيق الحكومة الإلكترونية في تحقيق الشفافية الإلكترونية
66,['خلق درة خدم صحة'],الأخلاقيات في إدارة الخدمات الصحية
67,['حسب بيئ'],المحاسبة البيئية
68,['شرح نظم حكم ملك عرب سعد'],شرح أنظمة الحكم في المملكة العربية السعودية
69,['درة عرف كمدخل عزز بدع نظم'],إدارة المعرفة كمدخل لتعزيز الإبداع التنظيمي
70,['درة رتب اجر'],إدارة الرواتب والأجور
71,['حوكم قطع عام'],الحوكمة في القطاع العام
72,['سسي علم مرس'],أساسيات التعلم بالممارسة
73,['تخذ قرر ملك'],اتخاذ القرارت في المملكة
74,['اسـتخدام عين جال بحث'],اسـتخدام العينات في مجال البحوث
75,['حمي هلك'],حماية المستهلك
76,['علم ـلي عمة'],علم المـالية العامة
77,['الب بحث علم'],اساليب البحث العلمي
78,['تصل جهز حكم درس يدن'],الاتصالات في الاجهزة الحكومية (دراسة ميدانية)
79,['يـق درس حلل'],التسويـق (دراسة تحليلية)
80,['فسر قضي قان دني'],التفسير القضائي في القانون المدني
81,['درة شئن وظف جهز حكم'],إدارة شئون الموظفين في الاجهزة الحكومية
82,['كيف نظم ؤمر جمع فعل'],كيف تنظم مؤتمرات واجتماعات فعالة
83,['جرم'],الجريمة
84,['وذج يبا درة نظر z'], النموذج الياباني في الإدارة (نظرية z(
85,['رمج طبق بلغ كوبول'],البرمجة التطبيقية بلغة كوبول
86,['قدم حسب الي'],مقدمة في الحاسب الالي
87,['حكم اثب'], احكام الاثبات
88,['ـشكل فقة سلم درس وزن'],الـشكل في الفقة الاسلامي(دراسة موازنة)
89,['دلل عمل شرء'],دليل أعمال الشراء
90,['حيج نمي قوى عمل نظم علم درب'],احتياجات التنمية للقوى العاملة ونظام التعليم والتدريب
91,['فن درة ياب'],فن الإدارة اليابانية
92,['حلل صمم نظم علج بين'],تحليل وتصميم نظم معالجة البيانات
93,['دير ذو سلب دقق وحد'],المدير ذو اسلوب الدقيقة الواحدة
94,['صدر شرء'],مصادر الشراء
95,['عمد ندي'], الاعتمادات المستندية
96,['نظم علم دري'],نظم المعلومات الإدارية
97,['بدي حسب'],مبادي المحاسبة
98,['سرب وظف'],تسرب الموظفين
99,['قيس ادء عمل الب نظر طبق'],قياس أداء العمل (الأساليب والنظرية والتطبيقات)
100,['كتب تخصص ركز علم'],المكتبات المتخصصة ومراكز المعلومات
101,['نظم زكة ضرب دخل'],نظام الزكاة وضريبة الدخل
102,['ـسياس شري حكم'],الـسياسات الشرائية الحكومية
103,['درة رتب'],أدارة الرواتب
104,['خدم نظم علم ورد بشر'],أستخدام نظم معلومات الموارد البشرية
105,['نظر نظم'],نظرية التنظيم
106,['شرك وصي بسط'],شركة التوصية البسيطة
107,['الب رمج حدث بلغ بيس'],اساليب البرمجة الحديثة بلغة بيسك
108,['طور نظم علم حسب الي حلل صمم'],تطوير نظم معلومات الحاسب الالي ( تحليل وتصميم)
109,['شرف'], الإشراف
110,['قرر الة صرف'],التقارير المالية والمصرفية
111,['كفل بنك ملك درس قرن'],الكفالات البنكية في المملكة (دراسة مقارنة)
112,['ودع حكم'],المستودعات الحكومية
113,['درة كبي عمل سكرتارية جـزأ'],الإدارة المكتبية واعمال السكرتارية ( جـزأين )
114,['درة ادء'],ادارة الاداء
115,['نظم قضء ملك'],نظام القضاء في المملكة
116,['وصف ببليوجرافي كتب'],الوصف الببليوجرافي في الكتب
117,['ضبط ببليوجرافي حتو دور سعد'],الضبط الببليوجرافي لمحتويات الدوريات السعودية
118,['نظم بنك سعد'],النظام البنكي السعودي
119,['درة شفي'],إدارة المستشفيات
120,['طبق عمل محاسـب حكم ١'],تطبيقات عملية في المحاسـبة الحكومية (١(
121,['درة مشاريع تشد'],إدارة مشاريع التشيد
122,['درة حلة ملك بحث'],الإدارة المحلية في المملكة(بحث)
123,['تجه شرء بحث يـد'],اتجاهات الشراء ( بحث ميـداني )
124,['درة'],إدارة الوقت
125,['درة استراتيجية'],الادارة الاستراتيجية
126,['حسب الي طبق حصئ بلغ بيس'], الحاسب الالي والتطبيقات الإحصائية بلغة بيسك
127,['درة شـئ وظف بدي اسس عمة طبق'],إدارة شـئون الموظفين (المبادي والاسس العامة والتطبيقات)
128,['درة علاقــ عمة'],إدارة العلاقــات العامة
129,['رجع عرب'],المراجع العربية
130,['تجه هندس سعد عمـ'],اتجاهات المهندس السعودي نحو عماـه
131,['سلك نظم ادء'],السلوك التنظيمي والأداء
132,['تصل سلك سنى'],الاتصال والسلوك الانسانى
133,['حمايةالإجرائية لغش جري'],الحمايةالإجرائية من الغش التجاري
134,['قـن دري سعد'],القـانون الإداري السعودي
135,['جرء سكرتارية'],إجراءات السكرتارية
136,['حلق جود'],حلقات الجودة
137,['درة مشاريع شغل الي كتب'],إدارة مشاريع التشغيل الالي في المكتبات
138,['درة عمل علم علم جرة'],ادارة عملية تعلم العلوم التجارية
139,['مسح بيئ خرج جهز حكم ركز بحث'],مسح البيئة الخارجية للاجهزة الحكومية المركزية(بحث)
140,['قيد دير دقق وحد'],القيادة ومدير الدقيقة الواحدة
141,['ـرويض نمر ورق'],تـرويض النمر الورقي
142,['خطط قوي عمل بحث'],تخطيط القوي العاملة(بحث)
143,['معايير رجع دول'],معايير المراجعة الدولية
144,['قرر دري'],القرارات الإدارية
145,['نظم قنو ثمر جنب'],النظام القانوني للاستثمار الاجنبي
146,['قوم ادء وسل تحس نوع'],تقويم الأداء وسيلة تحسين النوعية
147,['جنب قنن درة فاض برم عقد'],الجوانب القانونية في إدارة المفاوضات وابرام العقود
148,['قيم نظم'],القيم التنظيمية
149,['ورق جرة نظم سعد'],الاوراق التجارية في النظام السعودي
150,['أمن اجتماعية نظم ملك عرب سعد'],التأمينات الاجتماعية ونظامها في المملكة العربية السعودية
151,['عمل ؤثر خير فتة سعد لمه مرض بحث'],العوامل المؤثرة في اختيار الفتاة السعودية لمهنة التمريض(بحث)
152,['عوق سكرتارية فعل'],معوقات السكرتارية الفعالة
153,['وقع تصل كتب جهز حكم بحث'],واقع الاتصالات الكتابية فى الاجهزة الحكومية(بحث)
154,['درة عمة ملك عرب سعد'],الادارة العامة في المملكة العربية السعودية
155,['سلك انس نظم'],السلوك الإنساني والتنظيمي
156,['درة عمـ ملك بلغ انجليزية'],الإدارة العامـة في المملكة (بلغة الانجليزية)
157,['درة عمة ملك بلغ رنس'],الإدارة العامة في المملكة ( بلغة الفرنسية)
158,['جرم رشة نظم سعد'],جريمة الرشوة في النظام السعودي
159,['دلل شمل درة خزن'],الدليل الشامل في ادارة المخازن
160,['خطط سوق'],الخطط التسويقية
161,['دعء عام حكم جني'],الادعاء العام والمحاكمة الجنائية
162,['وظف عمل وطن قطع خاص'],توظيف العمالة المواطنة في القطاع الخاص
163,['قوم اسس الب رقي'],تقويم اسس واساليب الترقية
164,['درة جود كلة حكم'],ادارة الجودة الكلية في الحكومة
165,['عين وتطبيقات بحث اجتماعية'],العينات وتطبيقاتها في البحوث الاجتماعية
166,['سسي بحث كيف'],أساسيات البحث الكيفي
167,['ضغط عمل'],ضغوط العمل
168,['نظم طعن ميز ملك'],نظام الطعن بالتمييز في المملكة
169,['بدئ قنن صيغ عقد جار دول'],المبادئ القانونية في صياغة عقود التجارة الدولية
170,['تطر درة عمة ملك ائة'],تطور الإدارة العامة في المملكة خلال مائة عام
171,['حكم ملك عرب سعد'],التحكيم في المملكة العربية السعودية
172,['نظر تصل بحث طبق كتب دلل'],نظرية الاتصال والبحوث التطبيقية (كتاب ودليل)
173,['جدر عمل'],الجدارة في العمل
174,['قوم نظم رعي طبة فعل كفاءةوالانصاف'],تقويم نظام الرعاية الطبية الفعالية والكفاءةوالانصاف
175,['تقن كبي حدث'],التقنيات المكتبية الحديثة
176,['حسب حكم فعل'],المحاسبة الحكومية الفعالة
177,['دلل خطط جمع نجح'],دليل التخطيط للاجتماع الناجح
178,['صنف وظف وتطبيقات'],تصنيف الوظائف وتطبيقاتها
179,['سلك هلك نظر طبق'],سلوك المستهلك ( بين النظرية والتطبيق)
180,['حسب دري جزء'], المحاسبة الإدارية (جزءان)
181,['جود دخل مشاريع تتل'],الجودة مدخل المشاريع المتتالية
182,['نظر حدثـ درة عمة'],نظرية ما بعد الحداثـة للإدارة العامة
183,['حسب وأم علم'],الحاسب وأمن المعلومات
184,['صنع قرر قدة'],صناعة القرار للقادة
185,['قدر درب طور'],قدرات التدريب و التطوير
186,['دلل شمل رجع عمل'],الدليل الشامل في مراجعة العمليات
187,['دلل عمل'],دليل العمل عن بعد
188,['كيف قيس فعل درب'],كيفية قياس فاعلية التدريب
189,['نظم'],المنظمات
190,['جمع رأسمالية'],مجتمع ما بعد الرأسمالية
191,['نظم هيكل عمل خرج'],المنظمات/هياكلها وعملياتها و مخرجاتها
192,['وظف رقب الي جزء'],وظيفة المراقب المالي (جزءان)
193,['حلل حدر خطي'], تحليل الانحدار الخطي
194,['عهد درة نشأ تطر'],معهد الإدارة نشأة وتطور
195,['درة عمل جزء'],إدارة العمليات ، (جزءان)
196,['عمل اجتماعية نظم تعق فاد وظف عئد درب عهد درة بحث'],بعض العوامل الاجتماعية والتنظيمية التي تعوق استفادة الموظف من عائدات التدريب في معهد الإدارة (بحث)
197,['درة جود شمل رعي صحة'],إدارة الجودة الشاملة في الرعاية الصحية
198,['كتب سعد عصر'],الكتاب السعودي المعاصر
199,['قيم هار درة'],تقييم مهارات الادارة
200,['رقب قضي عمل درة ملك'],الرقابة القضائية على أعمال الإدارة في المملكة
201,['ضغط عمل طبء بحث'],ضغوط العمل لدى الأطباء(بحث)
202,['اثر لامركزية وظف خدم دنة بحث'],أثر لامركزية التوظيف في الخدمة المدنية(بحث)
203,['عمل ؤثر نظم وظف دوم رسم ملك بحث'],العوامل المؤثرة في عدم انتظام الموظفين في الدوام الرسمي في المملكة(بحث)
204,['خدم كتب ملك بحث'],خدمات المكتبات في المملكة(بحث)
205,['نظم تأم صحي تعو ملك'],نظام التأمين الصحي التعاوني في المملكة
206,['حمي قنن لثب رأس مال شرك مول سعد'],الحماية القانونية لثبات رأس المال في شركات الأموال السعودية
207,['نظم حدث'],المنظمات الحديثة
208,['قاعد ملك عرب سعد'],المتقاعدون في المملكة العربية السعودية
209,['سلك دري'],السلوك الإداري
210,['خدم عمة وآل سوق'],الخدمات العامة وآليات السوق
211,['يزة حلف'],ميزة التحالف
212,['علم بدئ وتطبيقاته جزء'],التعلم ، مبادئه وتطبيقاته.(جزءان)
213,['حدد كلف اسس نشط ؤسس الة'],تحديد التكلفة على أساس النشاط في المؤسسات المالية
214,['قرر دري وتطبيقات ملك عرب سعد'],القرارات الإدارية وتطبيقاتها في المملكة العربية السعودية
215,['مذج بين قواعدالبيان حول اذج'],نمذجة البيانات في قواعدالبيانات والتحويل بين النماذج
216,['فرد ذوو شكل وكف عمل عهم'],الأفراد ذوو المشكلات وكيفية التعامل معهم
217,['درب قيد رجع نشط'],تدريب القيادات ..مرجع في الأنشطة
218,['الب علم علم حدث'],اساليب التعليم والتعلم الحديثة
219,['جمع صحة'],المجتمعات غير الصحية
220,['عدة هندس درة'],إعادة هندسة الإدارة
221,['امن شبك علم'],أمن شبكات المعلومات
222,['تحد درة قرن وحد عشر'],تحديات الإدارة في القرن الواحد والعشرين
223,['صحة عمة اهي وكف عمل'],الصحة العامة .. ماهي وكيف تعمل
224,['اصل حقق جني وتطبيقات ملك عرب سعد'],أصول التحقيق الجنائي وتطبيقاتها في المملكة العربية السعودية
225,['درة رعي صحة'],إدارة الرعاية الصحية
226,['درب تمز'],المدرب المتميز
227,['قوم رمج سيس اجتماعية'],تقويم البرامج والسياسات الاجتماعية
228,['رعي صحة ولي بمد ريض بحث'],الرعاية الصحية الأولية بمدينة الرياض(بحث)
229,['صمم نظم درب طور'],تصميم نظم التدريب والتطوير
230,['خطط نمى'],التخطيط التنموى
231,['وقع فاد حسب الى بحث'],واقع الاستفادة من الحاسب الآلى(بحث)
232,['عوق بحث علم جال علم دري بحث'],معوقات البحث العلمي في مجال العلوم الادارية(بحث)
233,['رضا وظف عمل قطع صحي بحث'],الرضا الوظيفي لدى العاملين في القطاع الصحي(بحث)
234,['درة عمل درب'],إدارة عملية التدريب
235,['حكم أدب وظف'],أحكام تأديب الموظفين
236,['طبق عمل حسب حكم ٢'],تطبيقات عملية في المحاسبة الحكومية (٢(
237,['درة الكترونيه آفق طبق ملك عرب سعد'],الإدارة الإلكترونيه وآفاق تطبيقاتها في المملكة العربية السعودية
238,['نظر نظم بدع'],نظرية المنظمة المبدعة
239,['حسب جهز حكم'],المحاسبة في الاجهزة الحكومية
240,['تجه شبب عودى علم فني بحث'],إتجاهات الشباب السعودى نحو التعليم الفني(بحث)
241,['حصء بلا عنا جزء'],الإحصاء بلا معاناة(جزءان)
242,['درة شيد تخصص'],إدارة التشييد المتخصصة
243,['جود شمل درة علم'],الجودة الشاملة في إدارة المعلومات
244,['قيد دري نظر طبق'],القيادة الإدارية ـ النظرية والتطبيق
245,['درب قيد'],التدريب للقيادة
246,['شار دري'],الاستشارات الإدارية
247,['رقب حصئ عمل'],الرقابة الإحصائية على العمليات
248,['جود بلا عنا'],الجودة بلا معاناة
249,['دور شرف ربو تحس عمل علم بحث'],دور المشرفة التربوية في تحسين العملية التعليمية(بحث)
250,['خرج ازم'],الخروج من الأزمة
251,['قوم قصد رقم'],مقومات الاقتصاد الرقمي
252,['حلل درى نظم عمة'],التحليل الإدارى فى المنظمات العامة
253,['نظر عقد دري'],نظرية العقود الإدارية
254,['درة جود علم علي'],إدارة الجودة في التعليم العالي
255,['قيم طبء خدم رعي صحة ولي بحث'],تقييم الأطباء لخدمات الرعاية الصحية الأولية(بحث)
256,['ؤشر رضا سفد خدم برد بمد ريض بحث'],مؤشر رضا المستفدين عن الخدمات البريدية بمدينة الرياض(بحث)
257,['نقل عام دخل مدن كبرى ملك بحث'],النقل العام داخل المدن الكبرى في المملكة(بحث)
258,['رضا عملاءع جودةالخدم قدم خطط سعد بحث'],رضا العملاءعن جودةالخدمات المقدمة من الخطوط السعودية(بحث)
259,['ذكء حوسب وتطبيقاته ياد جار عمل'],الذكاء المحوسب وتطبيقاته في ميادين التجارة والأعمال
260,['سيح نطق شرق'],السياحة في المنطقة الشرقية
261,['تحس جود ادء رعي صحة'],تحسين الجودة والأداء في الرعاية الصحية
262,['رضا فيد خدم بلد دين ريض درس يدن'],رضا المستفيدين من الخدمات البلدية في مدينة الرياض(دراسة ميدانية)
263,['بيروقراطية'],البيروقراطية
264,['عمل ؤثر رغب ترك كدر طبة'],العوامل المؤثرة فى الرغبة فى ترك الكوادر الطبية
265,['عمل شفي بحث'],العمل فى المستشفيات(بحث)
266,['عوق قوم طبق درة جود كله'],معوقات ومقومات تطبيق إدارة الجودة الكليه
267,['نبؤ بيع'],التنبؤ بالمبيعات
268,['بحث قدة'],البحث عن القادة
269,['درة طور مشاريع رمج'],إدارة وتطوير مشاريع البرمجيات
270,['وقع عمل شغل صين ذتي عقد'],واقع أعمال التشغيل والصيانة الذاتية والتعاقدية
271,['رمج اسك ملك مدى فاد وظف حكم'],برامج الإسكان في المملكه ومدى استفادة الموظفين الحكومين منها
272,['الب كمة درة رعي صحة'],الإساليب الكمية في إدارة الرعاية الصحية
273,['قصد نمي ظل نظم جار علم'],الاقتصاديات النامية في ظل منظمة التجارة العالمية
274,['ثقف نظم عمل مفاهيم اسس طبق'],ثقافة منظمات الأعمال.المفاهيم والأسس والتطبيقات
275,['خدم حرم شرف رؤة شمل إدر نمي'],خادم الحرمين الشريفين الرؤية الشاملة لإدارة التنمية
276,['ؤلف كلاسيكية درة عمة جزأ'],مؤلفات كلاسيكية في الإدارة العامة (جزأين)
277,['حلل بين اقتصادية'],تحليل البيانات الاقتصادية
278,['عهد درة عمة نشأ تطر جلز'],معهد الإدارة العامة نشأة وتطور - إنجليزي
279,['طور نظم حكم درة جلز'],تطوير أنظمة الحكم والإدارة - إنجليزي
280,['عهد درة عمة نشأ تطر عرب فخر'],معهد الإدارة العامة نشأة وتطور - عربي فاخر
281,['عهد درة نشأ تطر _عرب عدي'],معهد الإدارة نشأة وتطور _عربي عادي
282,['طور نظم حكم درة عرب عدي'],تطوير أنظمة الحكم والإدارة - عربي عادي
283,['طور نظم حكم درة _عرب فخر'],تطوير أنظمة الحكم والإدارة _عربي فاخر
284,['كشف لغش لعب قئم الة'],اكتشاف الغش والتلاعب في القوائم المالية
285,['خصخص خدم صرف صحي الب اثارالمترتبة'],خصخصة خدمات الصرف الصحي اساليبها والاثارالمترتبة عليها
286,['قيد شخص إدر ربي'],قيادة الأشخاص وإدارتهم في التربية
287,['درة جود جنب نظر جرب وقع'],إدارة الجودة جوانب نظرية وتجارب واقعية
288,['حمي قنن بيئ ملك عرب سعد'],الحماية القانونية للبيئة في المملكة العربية السعودية
289,['ؤلف كلاسيكية درة عمة'],مؤلفات كلاسيكية في الادارة العامة
290,['قان دري ملك عرب سعد'],القانون الإداري في المملكة العربية السعودية
291,['عوق درة ازم درس درس علم'],معوقات إدارة الازمات المدرسية في مدارس التعليم
292,['درة حدث لشئ وظف حكم'],الإدارة الحديثة لشئون الموظفين الحكوميين
293,['قيد ربو خطط قني'],القيادة التربوية والتخطيط للتقنية
294,['ثقف نظم قيد'],الثقافة التنظمية والقيادة
295,['اسس جدد حلل كلف نفع'],أسس جديدة في تحليل التكلفة والمنفعة
296,['سسي فوض'],أساسيات التفاوض
297,['دخل هني إدر ورد بشر وذج'],المدخل المهني لإدارة الموارد البشرية النموذجية
298,['ثقف دري سيق علم'],الثقافة الإدارية في سياق عالمي
299,['اثب جني قان قرن فقة سلم'],الإثبات الجنائي في القانون المقارن والفقة الاسلامي
300,['درة حدث مشاريع باستخدام قيم كسب'],الإدارة الحديثة للمشاريع باستخدام القيم المكتسبة
301,['نظم نظم صحة'],التنظيم في المنظمات الصحية
302,['قوة كمن شبك اجتماعية'],القوة الكامنة للشبكات الاجتماعية
303,['تطر نظم حكم درة جهد نمي دري ملك طبع'],تطور أنظمة الحكم والإدارة وجهود التنمية الإدارية في المملكة (الطبعة الثانية)
304,['تطر نظم حكم درة جهد نمي دري جلز طبع ثني'],تطور أنظمة الحكم والإدارة وجهود التنمية الإدارية (انجليزي) طبعة ثانية
305,['وسط شرح نظم قضي جدد'],الوسيط في شرح التنظيم القضائي الجديد
306,['حسب ضرب زكي'],المحاسبة الضربيية والزكوية
307,['جرب نمي دري جلس تعا خلج'],تجارب التنمية الإدارية في مجلس التعاون الخليجي
308,['حلل قصد رعي صحة'],التحليل الاقتصادي في الرعاية الصحية
309,['قيد نظم ربح'],القيادة في المنظمات غير الربحية
310,['عجم سسي صطلح دري عرب قدم عصر'],المعجم الاساسي في المصطلحات الادارية العربية القديمة والمعاصرة
311,['كتب ؤمر عهد درة ٣ جزء'],كتاب مؤتمر معاهد الادارة الثاني (٣ اجزاء)
312,['درة استراتيجية ادء خدم عمة'],الإدارة الإستراتيجية واداء الخدمة العامة
313,['رضا فيد خدم شفي وزر صحه'],رضا المستفيدين عن خدمات مستشفيات وزارة الصحه
314,['دلل صمم نفذ بحث علم اجتماعية'], دليل تصميم وتنفيذ البحوث في العلوم الاجتماعية
315,['شفر قيد قعد خمس قيد'],شفرة القيادة القواعد الخمس للقيادة
316,['عقد درة وديناميكي غير تحد طبق ارض وقع'],التعقيد والإدارة وديناميكيات التغيير تحديات التطبيق على أرض الواقع
317,['درة عرف نظم عمل'],إدارة المعرفة . النظم والعمليات
318,['جنب اقتصادية الة يزن عمة دول'],الجوانب الاقتصادية والمالية في الميزانية العامة للدولة
319,['درب قيد'],تدريب القيادات
320,['سسي خير عين بحث علم'],اساسيات اختيار العينة في البحوث العلمية
321,['درة جود خدم قني علم وجه نظر ادء عمل عمل'],ادارة الجودة لخدمات تقنية المعلومات وجهات نظر حول اداء الاعمال والعمليات
322,['فست بدع بكر تحس جرء طور'],فاست الابداع والابتكار: تحسين الاجراءات وتطوير
323,['جرم فسد نظم لمذ حدث الذ يجب فعل بشأ'],الجريمة والفساد في المنظمات .لماذا تحدث وماالذي يجب فعله بشأنها
324,['خطط خدم صحة'],تخطيط الخدمات الصحية
325,['حصء طبق مفاهيم سسي حلل حصئ'],الاحصاء التطبيقي المفاهيم الاساسية والتحليل الاحصائي
326,['مبادىء رمج باستخدام لغة جفا اسس نظر طبق عمل'],مبادىء البرمجة باستخدام لغة الجافا أسس نظرية وتطبيقات عملية
327,['حلل سيس عمة'],تحليل السياسات العامة
328,['شرك ذكة خمس خطو نجح'],الشركة الذكية.خمس خطوات الى النجاح
329,['بطق ادء توز خطة خطو ؤسس'],بطاقة الاداء المتوازن خطوة بخطوة للمؤسسات
330,['خدم عملاء الكترونية'],خدمة العملاء الإلكترونية
331,['استراتيجي سوق خدم قطع عام'],استراتيجيات التسويق لخدمات القطاع العام
332,['تحل كترو رسخ استراتيجي نمي حدث'],التحول الالكتروني ترسيخ استراتيجيات التنمية الحديثة
333,['حلل حدر خطي طبع ثني'],تحليل الانحدار الخطي (طبعة ثانية)
334,['كشف بين'],استكشاف البيانات
335,['وقع تقن كبي حدث شكل'],واقع التقنيات المكتبية الحديثة ومشكلاتها
336,['حوكم قطع عام'],الحوكمة ..في القطاع العام
337,['سلم رضى وجد رعي'],سلامة المرضى وجودة الرعاية
338,['اثر طبق حكم اكترونية حقق شفف اكترونية'],أثر تطبيق الحكومة الإكترونية في تحقيق الشفافية الإكترونية
339,['درة عرف كمدخل عزز بدع نظم'],ادارة المعرفة. كمدخل لتعزيز الابداع التنظيمي
340,['سئل حوكم شرك'],مسائل حوكمة الشركات
341,['خدم حرم شرف ملك سلم عبدالعزيز ال سعد رئد نمي حدث'],خادم الحرمين الشريفين الملك سلمان بن عبدالعزيز آل سعود رائد التنمية الحديثة
342,['قيد حول عوق طبق جهز'],القيادة التحويلية ومعوقات تطبيقها في الأجهزة
343,['مدى طبق خطط جهز حكم'],مدى تطبيق الخطط في الأجهزة الحكومية
344,['قيم مدى كفي حفز ادة سلم وظف عمة'],تقييم مدى كفاية الحوافز المادية في سلم الوظائف العامة
345,['رجع عقد دري'],المرجع في العقود الإدارية
346,['قان الي ملك عرب سعد'],القانون المالي في المملكة العربية السعودية
347,['مدى كفي فعل نظم يزن عمة'],مدى كفاية وفعالية أنظمة الميزانية العامة
348,['قدم مذج بين فتح بنى حتي نتج ترتب'],مقدمة في نمذجة البيانات المفتوحة والبنى التحتية والنتائج المترتبة عليها
349,['قيد دري نظر طبق ٢'],القيادة الإدارية النظرية والتطبيقية ٢
350,['طور نظم عمل درة غير نظم'],تطوير المنظمات عملية إدارة التغيير التنظيمي
351,['كفي هنة لزم درب درب'],الكفايات المهنية اللازمة للتدريب لدى المدربين
352,['جرء حقق حكم نظم جرء جزي سعد'],إجراءات التحقيق والمحاكمة في نظام الإجراءات الجزائية السعودية
353,['طبق عمل فعل كمل سيس عمة درة'],التطبيق العملي الفعال التكامل بين السياسة العامة والإدارة
354,['حسب حكم'],المحاسبة الحكومية
355,['تصل دري استراتيجي طبق'],الاتصال الإداري إستراتيجيات وتطبيقات
356,['عدد خير طور قيد دري نسي جهز حكم'],إعداد واختيار وتطوير القيادات الإدارية النسائية في الأجهزة الحكومية
357,['سيس الة'],السياسات المالية
358,['حدد حجم مثل فاق حكم ملك عرب سعد'],تحديد الحجم الأمثل للإنفاق الحكومي في المملكة العربية السعودية
359,['حكم ظلم دعى لغء ضوء نظم سعد درس حلل قرن'],أحكام التظلم في دعوى الإلغاء في ضوء النظام السعودي : دراسة تحليلية مقارنة 
360,['قيس اثر قدر دري ثمر درس طبق شرك سعد'],قياس أثر القدرة الإدارية على الاستثمار : دراسة تطبيقية على الشركات السعودية
361,['دور حدد هوة نظم رغب نجح خدم وظف حسب يتر شخص عمل'],دور تحديد الهوية التنظيمية والرغبة في النجاح في استخدام الموظفين لحسابات تويتر الشخصية في العمل
362,['فاق رأسمال حكم نمو قصد طول اجل ملك عرب سعد'],الإنفاق الرأسمالي الحكومي والنمو الاقتصادي طويل الأجل في المملكة العربية السعودية
363,['دور علم درب جمع نمي هار قبل وجه نظر ستذ جمع حكم ارد'],دور التعليم والتدريب الجامعي في تنمية مهارات المستقبل من وجهة نظر أساتذة الجامعات الحكومية الأردنية.
364,['دور وسط دعم نظم درك علق قيد خدم غرق وظف'],الدور الوسيط للدعم التنظيمي المدرك في العلاقة بين القيادة الخادمة والاستغراق الوظيفي
365,['قدر وجه طور كفء ذتي لرد عمل'],قدرة التوجيه عن بعد في تطوير الكفاءة الذاتية لرائدات الأعمال.
366,['وذج حصئ قرح نبؤ عدد حال يوم صبة عفي وفة كوفيد'],نموذج إحصائي مقترح للتنبؤ بعدد الحالات اليومية للإصابة والتعافي والوفاة بكوفيد
367,['ميز غطرس رجس قئد اسس قوة'],التمييز بين غطرسة ونرجسية القائد على أساس القوة
368,['خصص شرع جلس شورى ملك عرب سعد'],الاختصاص التشريعي لمجلس الشورى في المملكة العربية السعودية
369,['حدد وذج تحط اثر سلب قلب يرد ترل ملك عرب سعد نتج'],تحديد أنموذج للتحوط من الأثر السلبي لتقلبات الإيرادات البترولية للمملكة العربية السعودية الناتجة
370,['كشف علق قيد دعم سلك صوت عمل'],استكشاف العلاقة بين القيادة الداعمة والسلوك الصوتي للعاملين
371,['دور قيد واضع عزز سلك باق عمل ظل دور وسط مثل نظم طبق'],دور القيادة المتواضعة في تعزيز السلوك الاستباقي للعاملين في ظل الدور الوسيط للتماثل التنظيمي بالتطبيق
372,['كيف قنو جزء عقد دري أثر طلب ق نفذ أمام ديو ظلم'],التكييف القانوني لجزاءات العقود الإدارية وأثره على طلب وَقْف تنفيذها أمام ديوان المظالم
373,['كفء خطط الي وزر علم ضوء تغر اقتصادية استراتيجية م قتر حة'],كفاءة التخطيط المالي بوزارة التعليم في ضوء التغيرات الاقتصادية : إستراتيجية مُقترَحة
374,['اثر قنن لجح كورو كوفيد 19 نفذ عقد جار دول'],الآثار القانونية لجائحة كورونا (كوفيد 19) على تنفيذ عقود التجارة الدولية
375,['اثر جئح كورو ادر الة نظم رعي صحة ملك عرب سعد'],آثار جائحة كورونا على الإدارات المالية في منظمات الرعاية الصحية في المملكة العربية السعودية
376,['وبء معلوماتي لجح كوفيد 19 درس استكشافية'],الوباء المعلوماتي لجائحة (كوفيد 19) : دراسة استكشافية
377,['جاب سيس عمة زمن غلق كبر درس فاد جئح كورو كوفيد 19'],استجابة السياسات العامة في زمن الإغلاق الكبير : دروس مستفادة من جائحة كورونا (كوفيد 19)
378,['نبؤ نشر مرض كوفيد 19 ملك عرب سعد'],التنبؤ بانتشار مرض (كوفيد-19) في المملكة العربية السعودية
379,['اثر اعل خضر وعي بيئ سلو هلك تجه نتج خضراء درس طبق عين عضء هيئ درس جمع شقراء'],أثر الإعلان الأخضر على الوعي البيئي، وسلوك المستهلك تجاه المنتجات الخضراء : دراسة تطبيقية على عينةٍ من أعضاء هيئة التدريس بجامعة شقراء.
380,['اثر صدق وقع عمل كفء ذتي بدع وصف تغر وسط علق قيد الخ رة غرق عمل بدع'],أثر الصداقة في موقع العمل والكفاءة الذاتية الإبداعية بوصفهما متغيرين وسيطين في العلاقة بين القيادة الخيَرة والاستغراق في العمل الإبداعي.
381,['قيم دام حسب جري قصد صري فتر 1977م 2017م'],تقييم الاستدامة في الحساب الجاري للاقتصاد المصري خلال الفترة 1977م - 2017م.
382,['كنولوج علم تصل إيجاد قيم قطع عام نطق صنع نطق خدم'],تكنولوجيا المعلومات والاتصالات وإيجاد القيمة في القطاع العام : منطق التصنيع مقابل منطق الخدمة.
383,['لغء نظم ملك عرب سعد درس حلل حكم نظم ضوء قضء ديو ظلم'],إلغاء الأنظمة في المملكة العربية السعودية: دراسة تحليلية للأحكام النظامية في ضوء قضاء ديوان المظالم.
384,['مرس فصح رأس مال بشر شرك ذات لكة حكم درج سوق الة سعد درس استكشافية'],ممارسة الإفصاح عن رأس المال البشري في الشركات ذات الملكية الحكومية المدرجة في السوق المالية السعودية: دراسة استكشافية.
385,['اثر وجد رأة جلس درة تحس ادء شرك اماراتية'],أثر وجود المرأة في مجالس الإدارة على تحسين أداء الشركات الإماراتية.
386,['قدم خدم عمة عمد شدد مول حكم كيف عمل نظم ربح خفض يزن حكم'],تقديم الخدمات العامة دون الاعتماد الشديد على التمويل الحكومي: كيف تتعامل المنظمات غير الربحية مع خفض الميزانية الحكومية؟
387,['ظهر أهل فرط سيق نظم رجع ادب نظر وتص بحث مرس'],ظاهرة التأهيل المفرط في السياق التنظيمي : مراجعة للأدبيات النظرية وتوصيات للبحث والممارسة.
388,['عمل ؤثر سرب وظف وثق علم سرة نظر امن يبر ملك عرب سعد'],العوامل المؤثرة في تسريب الموظفين للوثائق والمعلومات السرية من منظور الأمن السيبراني في المملكة العربية السعودية.
389,['خدم بطق ادء توز كمدخل دعم قدر نفس ؤسس علم جمع'],استخدام بطاقة الأداء المتوازن كمدخل لدعم القدرة التنافسية في مؤسسات التعليم الجامعي. 
390,['اطر عمل حكم ذكة الم كنة إنتر شيء درس حلة سيس امن يبر إنتر شيء وحل خدم حكم فيدرالية امر'],إطار عمل للحكومة الذكية المُمكنة بإنترنت الأشياء : دراسة حالة لسياسات الأمن السيبراني لإنترنت الأشياء وحالات الاستخدام في الحكومة الفيدرالية الأمريكية
391,['دور قطع بنك تمك سئل اجتماعية درس يدن بنك نطق شرق ملك عرب سعد'],دور القطاع البنكي في تمكين المسئولية الاجتماعية : دراسة ميدانية على بنوك المنطقة الشرقية في المملكة العربية السعودية.
392,['قدر فجة نتج أثر عدل ضخم سعد فتر 1970م 2018م'],تقدير فجوة الناتج، وأثرها على معدلات التضخم في السعودية خلال الفترة 1970م - 2018م .
393,['رجع استراتيجية حوكم مدى وفر بيئ سود درس يدن صرف سود'],المراجعة الإستراتيجية للحوكمة ومدى توافرها في البيئة السودانية دراسة ميدانية على بعض المصارف السودانية.
394,['حدد تحد ذكء صطناع قطع عام ادل رعي صحة عمة'],تحديد تحديات الذكاء الاصطناعي في القطاع العام أدلة من الرعاية الصحية العامة.
395,['اثر قنن يرس كورو كوفيد 19 لزم عقد ضوء نظر قوة قهر ظرف طرئ ملك عرب سعد'],الآثار القانونية لفيروس كورونا (كوفيد - 19) على الالتزامات التعاقدية في ضوء نظريتي القوة القاهرة والظروف الطارئة في المملكة العربية السعودية.
396,['طبق عمل نظر ضرر وجه يرس كورو ملك عرب سعد وذج'],التطبيقات العملية لنظرية الضرورة في مواجهة فيروس كورونا  (المملكة العربية السعودية نموذجاً). 
397,['دام نظم علم كترو ملك عرب سعد حلل ارء فيد نصة يتر ضل جئح كورو كوفيد 19'],استدامة نظام التعلم الإلكتروني في المملكة العربية السعودية من خلال تحليل آراء المستفيدين في منصة تويتر في ضل جائحة كورونا (كوفيد -19)
398,['ذكء صطناع إدر ازم درس حلة أزم جئح يرس كورو covid 19'],الذكاء الاصطناعي وإدارة الأزمات : دراسة حالة لأزمة جائحة فيروس كورونا (COVID-19).
399,['اثر نشر يرس كورو covid 19 ادء سوق سهم دول جلس تعا خلج'],أثر انتشار فيروس كورونا (COVID-19)على أداء أسواق الأسهم في دول مجلس التعاون الخليجي.
400,['ستى سلك قيد حول علق ذكء عطف دير درس علم عام كتب ربي'],مستوى السلوك القيادي التحويلي وعلاقته بالذكاء العاطفي لدى مديري مدارس التعليم العام بمكتب التربية
401,['درس أثر استراتيجية نظم علم رضا سهم نظم علم ادء شرك صغر حجم'],دراسة تأثير إستراتيجية أنظمة المعلومات على الرضا عن مساهمة أنظمة المعلومات في أداء الشركات صغيرة الحجم
402,['غير نظم ودر رسء دعم نظم تعلم ؤسس علم علي درس يدن عين'],التغيير التنظيمي ودوره في إرساء دعائم المنظمة المتعلمة بمؤسسات التعليم العالي : دراسة ميدانية على عينة
403,['اثر قيد مكن رفه نفس ربط عمل دور وسط رأس مال نفس'],أثر القيادة التمكينية على الرفاهية النفسية والارتباط بالعمل : الدور الوسيط لرأس المال النفسي
404,['عمل ؤثر قبل وظف قطع عام ملك عرب سعد درب كترو'],العوامل المؤثرة على تقبل موظفي القطاع العام بالمملكة العربية السعودية للتدريب الإلكتروني
405,['وزن ادء ورد بشر عمل توط وظف سعد درس حلة عمل توط طبء'],التوازن بين أداء المورد البشري وعملية توطين الوظائف (السعودة) : دراسة حالة عملية توطين الأطباء
406,['قيس اثر استقلالية رجع جاب سوق إعل ربح شرك سعد'],قياس أثر استقلالية المراجعة على الاستجابة السوقية لإعلانات الأرباح في الشركات السعودية
407,['عمد ذات نوع جنس علق قيد عمل جمع'],الاعتماد على الذات نوع الجنس، وعلاقته بالقيادة والعمل الجماعي
408,['دور رأة سعد حقق رؤة ملك 2030م'],دور المرأة السعودية في تحقيق رؤية المملكة 2030م
409,['تجه بحث حسب نشر مجل حكم ملك عرب سعد سنو 2001'],اتجاهات البحوث المحاسبية المنشورة بالمجلات المحكمة في المملكة العربية السعودية خلال السنوات 2001 
410,['اثر خدم نقط نصف حاد قيس يكر خصص سكومترية قيس قيس تجه']," أثر استخدام نقطة المنتصف ""محايد"" في مقياس ليكرت في الخصائص السكومترية للمقياس وقياس الاتجاهات "
411,['خدم نرن رضا وظف'],استخدام الانترنت والرضا الوظيفي
412,['وذج قرح نظم حفز كفآ نظم خدم دنة ملك عرب سعد'],نموذج مقترح لنظام الحوافز والمكافآت في نظام الخدمة المدنية في المملكة العربية السعودية
413,['قدر دري لزم طور ادء قيد جمع سعد ضوء رؤة 2030م'],القدرات الإدارية اللازمة لتطوير أداء القيادات بالجامعات السعودية في ضوء رؤية 2030م
414,['دور رأس مال فكر حقق تمز ؤسس جهز حكم سعد وجد تمك تغر وسط'],دور رأس المال الفكري في تحقيق التميز المؤسسي في الأجهزة الحكومية السعودية بوجود التمكين متغيراً وسيطاً 
416,['اطر قنو شرء شرك سهم أسهم درس حلل نقد ضوء نظم شرك سوق الي'],الإطار القانوني لشراء الشركات المساهمة لأسهمها : دراسة تحليلية نقدية في ضوء نظام الشركات والسوق المالي
417,['اثر خصص جلس درة نبؤ فشل الي شرك صنع صرة'],أثر خصائص مجلس الإدارة في التنبؤ بالفشل المالي للشركات الصناعية المصرية
418,['حمي جرئ حدث خاص درس نظم سعد قان قرن'],الحماية الإجرائية للحديث الخاص : دراسة في النظام السعودي والقانون المقارن
419,['افق بحث جدد سمو زرقاء سبر غور درس صناديق ودء هدف نظر مجذ رة'],آفاق البحث الجديدة (السماوات الزرقاء) وسبر أغوار المدروس (الصناديق السوداء) : هدف النظرية المجذّرة
420,['وقع جرب وظف بعث سعد شرك ياب'],واقع تجربة توظيف المبتعثين السعوديين في الشركات اليابانية
421,['امن علم بنك سعد وجه نظر رؤساء قني علم'],أمن المعلومات في البنوك السعودية من وجهة نظر رؤساء تقنية المعلومات
422,['اثر قيد خدم تحس جود حية عمل طبق ؤسس عمة تصل يمن'],أثر القيادة الخادمة في تحسين جودة حياة العمل بالتطبيق على المؤسسة العامة للاتصالات اليمنية 
423,['أثر علق عمل تمز نظم حكم'],تأثير علاقات العمل المتميزة في المنظمات الحكومية
424,['عدل نظم علق ميل سرب وظف درس يدن عضء هيئ درس سعد'],العدالة التنظيمية وعلاقتها بالميل نحو التسرب الوظيفي : دراسة ميدانية على أعضاء هيئة التدريس السعوديين
425,['علق كفي ذتي وجد حية وظف ربط وظف درس طبق عمل بمه'],العلاقة بين الكفاية الذاتية وجودة الحياة الوظيفية والارتباط الوظيفي : دراسة تطبيقية على العاملين بمهنة
426,['دور شبك وصل جمع حفز نمو قصد مشاريع صغر توسط درس يدن'], دور شبكات التواصل الاجتماعي في تحفيز النمو الاقتصادي للمشاريع الصغيرة والمتوسطة : دراسة ميدانية
427,['يضح خدم وظف نظم طبق ادء وظف أثر حتى صدر شبك علق اجتماعية'],ايضاح استخدام الموظف لنظام بعد تطبيقه، والأداء الوظيفي : تأثير محتوى ومصدر شبكة العلاقات الاجتماعية
428,['صرع نظم سبب واستراتيجي درت نتج حلة جمع كوت'],الصراع التنظيمي، أسبابه واستراتيجيات إدارته ونتائجه : حالة جامعة الكويت
429,['لغة دفع كمتغير وسط قيد خدم وكل سلك وطن نظم تزم تبع قئد طبق شرك جار جزئ غذي اسكندرية مصر'],"اللغة الدافعة كمتغير وسيط بين القيادة الخادمة وكل من سلوك المواطنة التنظيمية والتزام التابعين نحو القائد بالتطبيق
على شركات تجارة تجزئة التغذية بالاسكندرية – مصر"
430,['دور لكة جنب لحد درة ربح دلل شرك قيد ورص صرة'],دور الملكية الأجنبية في الحد من إدارة الأرباح : دليل من الشركات المقيدة بالبورصة المصرية
431,['دمج قضا تبن تقن علم تصل نظر قيد الكترونية'],دمج قضايا تبني تقنيات المعلومات والاتصالات في نظرية القيادة الإلكترونية
432,['قيم دام الة ملك عرب سعد درس طبق 1969 2015م'],تقييم الاستدامة المالية في المملكة العربية السعودية: : دراسة تطبيقية 1969-2015م
433,['أثر تغر شخص نظم عمل صنع قرر خلق درس يدن حسب'], تأثير بعض المتغيرات الشخصية والتنظيمية في عملية صنع القرار الأخلاقي: : دراسة ميدانية للمحاسبين
434,['علق تغر قصد كلي عئد سهم درس اختبارية فرض كفء سوق نظر سعر'],العلاقة بين متغيرات الاقتصاد الكلي وعوائد الأسهم: : دراسة اختبارية لفرض كفاءة السوق ونظرية التسعير
435,['نظم وزن سعد قيم ؤسس'], نظام الموازنة السعودي : تقييم مؤسسي
436,['دور استراتيجي درة وهب جهز درة عمة كوت حقق ميز نفس'],دور إستراتيجيات إدارة المواهب في أجهزة الإدارة العامة الكويتية في تحقيق ميزات تنافسية
437,['عمل ؤثر قيم دفتر لشر تأم درج سوق الة سعد'],العوامل المؤثرة على القيم الدفترية لشركات التأمين المدرجة في السوق المالية السعودية 
438,['ضمن أدب شبه قضي درس حلل أدب قضي لئح نظم لشؤ نسب جمع'],ضمانات التأديب شبه القضائي : دراسة تحليلية للتأديب القضائي في اللائحة المنظمة لشؤون منسوبي الجامعات
439,['حدث فهم سءل يكب وقع درة قطع عام قرن حدي عشر'],تحديث مفهوم المساءلة ليواكب واقع إدارة القطاع العام في القرن الحادي والعشرين
440,['اثر بدع دري علق استراتيجي درة عرف نظم فعل نظم وزر'],أثر الإبداع الإداري في العلاقة بين إستراتيجيات إدارة المعرفة التنظيمي والفعالية التنظيمية للوزارات
441,['وقع نمي واستثمار ورد الة جمع خير درس يدن بمد ريض'],واقع تنمية واستثمار الموارد المالية في الجمعيات الخيرية: : دراسة ميدانية بمدينة الرياض
442,['أثر ذكء عطف أنماط عمل صرع نتج قرر استراتيجية قيد علاقاتية'],تأثير الذكاء العاطفي وأنماط العامل مع الصراع في نتائج القرارات الإستراتيجية من خلال القيادة العلاقاتية
443,['حسب دري قطع عام قصد نشئ عرض ادب'],المحاسبة الإدارية في القطاع العام في الاقتصاديات الناشئة: : استعراض الأدبيات
444,['عمل درة عرف كمتغير وسط علق توج ريد ادء نظم'],عمليات إدارة المعرفة كمتغير وسيط في العلاقة بين التوجه الريادي والأداء التنظيمي
445,['حلل علق فصح حسب علم مستقبلية كلف رأس مال أثر كفء قرر'], تحليل العلاقة بين الإفصاح المحاسبي عن المعلومات المستقبلية وتكلفة رأس المال وأثرها على كفاءة القرارات
446,['سلط قدر درة جال أدب بحث حلل ضوء حكم ديو ظلم سعد'],السلطة التقديرية للإدارة في المجال التأديبي : بحث تحليلي على ضوء أحكام ديوان المظالم السعودي
447,['حوكم مدن درس يدن'],حوكمة المدن : دراسة ميدانية
448,['ماط ثقف نظم فضل طلب عمل سعد'],أنماط الثقافة التنظيمية المفضلة لدى طالبي العمل السعوديين
449,['اثر تحل طبق معايير حسب سعد الى معايير دول قرر الي هنة رجع'],أثر التحول من تطبيق معايير المحاسبة السعودية إلى المعايير الدولية للتقرير المالي على مهنة المراجعة
450,['اثر خصص صمم نظم علم فعل نظم علم سوق شرك صغر توسط'],أثر خصائص تصميم نظم المعلومات في فعالية نظم المعلومات التسويقية في الشركات الصغيرة والمتوسطة
451,['استراتيجي وجه ضغط علق رضا وظف خصئ نفس عمل قطع صحي'],إستراتيجيات مواجهة الضغوط وعلاقتها بالرضا الوظيفي لدى الأخصائيين النفسيين العاملين بالقطاع الصحي
452,['درة استراتيجية ادء نظم عمة نتج وذج ايلز miles سنو snow'],"الإدارة الإستراتيجية والأداء في المنظمات العامة : نتائج من نموذج مايلز ""Miles"" وسنو ""snow"" "
453,['عدد وظف وظف خدم دنة ملك عرب سعد سبب اثر اجتماعية'],تعدد الوظائف لدى موظفي الخدمة المدنية في المملكة العربية السعودية : الأسباب والآثار الاجتماعية
454,['اثر استراتيجية مول قيم سهم شرك دلل شرك قطع صنع سعد'],أثر استراتيجية التمويل في قيمة سهم الشركة : دليل من شركات قطاع الصناعة السعودية
455,['درس قيس حدد قيم سوق لأس بنك سلم درج ورص قطر ورق الة'],دراسة قياسية لمحددات القيمة السوقية لأسهم البنوك الإسلامية المدرجة في بورصة قطر للأوراق المالية
456,['حدد ضعف رقب دخل أثر ستى حفظ حسب قرر الة شرك سجل'],محددات ضعف الرقابة الداخلية وأثره على مستوى التحفظ المحاسبي في التقارير المالية للشركات المسجلة
457,['قيس نمو قطع ربح حلل طول بين'],قياس النمو في القطاع غير الربحي : تحليل طولي للبيانات 
458,['اثر استقلالية جلس درة ادء شرك دلل سعد'],أثر استقلالية مجلس الإدارة في أداء الشركة : دليل من السعودية
459,['اثر خصص جلس درة لكة ؤسس جود رجع خرج شرك سهم سعد'],أثر خصائص مجلس الإدارة والملكية المؤسسية في جودة المراجعة الخارجية في الشركات المساهمة السعودية
460,['اثر ماثل صدم سعر نفط تغر اقتصادية كلة ملك عرب سعد'],الأثر غير المتماثل لصدمات أسعار النفط على المتغيرات الاقتصادية الكلية في المملكة العربية السعودية
461,['عمل حكم دخل دور قطع عام خاص'],عمل الحكومة : التداخل بين أدوار القطاع العام والخاص
462,['دور ثقة نظم سءل دري علق قيد خلق سلك خلق عمل'],دور الثقة التنظيمية والمساءلة الإدارية في العلاقات بين القيادة الأخلاقية والسلوك الأخلاقي للعاملين
463,['عرض حكم قضي خطأ وصف نظم سعد'],الاعتراض على الحكم القضائي لخطأ في وصفه في النظام السعودي
464,['تجه قلد درة عمد نظم معلوماتية قطع حكم سعد أثر'],الاتجاهات التقليدية في إدارة واعتماد الأنظمة المعلوماتية في القطاعات الحكومية السعودية وتأثيرها
465,['اثر خصص هني دور حسب قضي كشف مرس لعب رقم الة درس'],أثر التخصص المهني على دور المحاسبة القضائية في اكتشاف ممارسات التلاعب بالأرقام المالية: دراسة
466,['اثر ذكء عطف قدة رحل عمل خطط استراتيجي درس طبق كلي درة عمل'],أثر الذكاء العاطفي للقادة على مراحل عملية التخطيط الإستراتيجي : دراسة تطبيقية على كليات إدارة الأعمال
467,['رضا وظف عمل ظل نظر قيد خدم درس يدن عين عمل جهز'], الرضا الوظيفي للعاملين في ظل نظرية القيادة الخادمة : دراسة ميدانية على عينة من العاملين بالأجهزة
468,['جنب قنن خير قدة دري درس طبق ملك عرب سعد'],الجوانب القانونية في اختيار القادة الإداريين : دراسة تطبيقية في المملكة العربية السعودية 
469,['حكم نظم رقي قيد دري وفق ائح ترق ملك عرب سعد'],الأحكام النظامية في ترقية القيادات الإدارية وفقًا للائحة الترقيات في المملكة العربية السعودية
470,['قيد أهداف وقم عمل قطع حكم'],القيادة وأهداف وقيم العمل في القطاع الحكومي
471,['دور مرس درة ورد بشر بنء برع نظم وثر ادء نظم'],دور ممارسات ادارة الموارد البشرية في بناء البراعة التنظيمية واثرهما على الاداء التنظيمي
472,['عمل سلك ؤثر ولء خدم هتف خلي زود خدم ملك عرب سعد'],العوامل السلوكية المؤثرة على ولاء مستخدمي الهاتف الخلوي لمزودي الخدمة في المملكة العربية السعودية
473,['هيكل سوق صرف سلم علق كفء ادء درس قرن جلس تعا لدل خلج'],هيكلية السوق المصرفية الاسلامية وعلاقتها بكفاءة الاداء : دراسة مقارنة في مجلس التعاون لدول الخليج
474,['حق تهم حكم عدل مواثيق دول'],حق المتهم في محاكمة عادلة في المواثيق الدولية
475,['وطن شرك عمل عدا نظر وقع جمهور درة عمة'],المواطن، الشريك، العميل : اعداة النظر في موقع الجمهور في الادارة العامة
476,['قيد ريد وتطبيقات جمع'],القيادة الريادية وتطبيقاتها في الجامعات
477,['ضبط سن سيس عمة درس نظر شرع دري'],ضوابط سن السياسة العامة: دراسة من المنظور الشرعي الإداري
478,['درج مرس عضء هيئ درس جمع ام قرى قيد خلق وإنعكاسات طلب'],درجة ممارسة أعضاء هيئة التدريس بجامعة أم القرى للقيادة الأخلاقية وإنعكاساتها على الطلبة
479,['اثر غير دور رجع خرج جود قئم الة شرك سهم طبق بنك'], أثر التغيير الدوري للمراجع الخارجي على جودة القوائم المالية بالشركات المساهمة: بالتطبيق على البنوك
480,['وقع استراتيجي ريد جمع سعد درس يدن جمع ملك سعد'],واقع إستراتيجيات الريادة في الجامعات السعودية : دراسة ميدانية على جامعة الملك سعود
481,['اثر درة تزم عمل جود حية عمل نظم حكم بدل امر عرب تحد'], أثر الإدارة والتزامات العاملين على جودة حياة العمل في المنظمات الحكومية بدولة الإمارات العربية المتحدة
482,['حدد فصح حسب سؤل اجتماعية شرك سعد درج درس طبق'],محددات الإفصاح المحاسبي عن المسؤولية الاجتماعية في الشركات السعودية المدرجة : دراسة تطبيقية
483,['اثر بدل جاب قيس يكر خصص سيكومترية قيس قيس تجه'],أثر عدد بدائل الاستجابة في مقياس ليكرت على الخصائص السيكومترية للمقياس وقياس الاتجاهات
484,['عشر درس بطق ادء توز تجه جاز فجو فرص بحث مستقبلية'],عشرون عاماً من دراسات بطاقة الأداء المتوازن : الاتجاهات، الإنجازات، الفجوات والفرص لبحوث مستقبلية
485,['درس حلل عمل ؤثر طور نشط جمع خير ملك عرب سعد درس'],دراسة وتحليل العوامل المؤثرة على تطوير نشاط الجمعيات الخيرية في المملك العربية السعودية : دراسة
486,['جود لجن رجع ستى فصح خير بشر سهم سعد درس نظر طبق'],اثر جودة لجان المراجعة على مستوى الافصاح الاختياري بشركات المساهمة السعودية : دراسة نظرية تطبيقية
487,['ناج تغر تقن صرف سلم هجي ؤشر مالمكويست'],الانتاجية والتغير التقني في المصارف الاسلامية : منهجية مؤشر مالمكويست
488,['توج ريد ادء صرف عمل ارد'],اثر التوجة الريادي في اداء المصارف العاملة في الأردن
489,['تجه خصة درس درة عمة لحظ جرب ونع جلة رجع درة عمة 2000'], الاتجاهات الخاصة بدراسة الادارة العامة : ملاحظات تجريبية ونوعية من مجلة مراجعة الادارة العامة 2000
490,['حق تهم سعد قنن نظم عدل جني سعد'],حق المتهم في المساعدة القانونية في نظام العدالة الجنائية السعودي 
491,['رجع شرك جود ربح حسب شرك سجل سوق ورق الة سعد'],اثر المراجعة المشتركة على جودة الارباح المحاسبية للشركات المسجلة في سوق الاوراق المالية السعودي
492,['قيم ادء ادر الة درة عمة كوت نظر عمل تلك ادر'],تقييم اداء الادارات المالية في الادارة العامة الكويتية من منظور العاملين في تلك الإدارات
493,['فهم ديناميكي عقد شفف'],فهم الديناميكيات المعقدة للشفافية
494,['قبل علم علي وطن عرب ظل تحد علم'],مستقبل التعليم العالي في الوطن العربي في ظل التحديات العالمية
495,['خدم حفز سلب لزم نظم نشر سلك سلب درس طبق'],اثر استخدام الحوافز السلبية على الالتزام التنظيمي وانتشار السلوكيات السلبية : دراسة تطبيقية
496,['جود حوكم شرك سيس وزع ربح سوق كوت الة'], اثر جودة حوكمة الشركات على سياسة توزيع الارباح في سوق الكويت المالية
497,['شكل قنن نشئ قدم قيم حصة عين شرك سهم'],الاشكالات القانونية الناشئه عن تقديم وتقييم الحصة العينية في شركات المساهمة
498,['تمك وظف تجه وظف وعلاقاته ادء خبر وذج سبب'], التمكين الوظيفي والاتجاهات الوظيفية وعلاقاتهما بالأداء : اختبار نموذج سببي
499,['الي ودو حدد حيج درب جهز حكم ملك عرب سعد'],آليات وادوات تحديد الاحتياجات التدريبية في الاجهزة الحكومية في المملكة العربية السعودية
500,['سيس سوق عمل نشط ملك عرب سعد درس فاد ؤشر قيم'],سياسات سوق العمل النشطة بالمملكة العربية السعودية : دروس مستفادة حول مؤشرات التقييم 
501,['دور خصص صنع رجع خرج لحد مرس درة ربح درس يدن شرك سهم'],دور التخصص الصناعي للمراجع الخارجي في الحد من ممارسات ادارة الارباح : دراسة ميدانية على شركات المساهمة
502,['نظم قنو مجل جري نظم سعد درس'], التنظيم القانوني للمجل التجاري في النظام السعودي : دراسة
503,['كفء سوق الة وامكانية كمل الي جلس تعا لدل خلج عرب'], كفاءة الاسواق المالية وامكانية التكامل المالي بين مجلس التعاون لدول الخليج العربية
504,['تمك وظف ادة استراتيجية حصل يزة نفس دام'],تمكين الموظف : اداة استراتيجية للحصول على ميزة تنافسية مستدامة
505,['نظم قنو شيك كترو وحج عمل درس حلل قرن'],"النظام القانوني للشيك الالكتروني وحجية التعامل به "" دراسة تحليلية مقارنه """
506,['دور جهز رقب تحس ادء جهز حكم دول جلس تعا لدل خلج عرب'],دور الأجهزة الرقابية في تحسين أداء الأجهزة الحكومية في دول مجلس التعاون لدول الخليج العربية
507,['حقق الك عقر مره وفق نظم رهن عقر سجل ملك عرب سعد درس قرن'],"حقوق مالك العقار المرهون وفق نظام الرهن العقاري المسجل في المملكة العربية السعودية "" دراسة مقارنة "" "
508,['تمك وطن شرك تحس ادء جهز حكم'],تمكين المواطنين من المشاركة في تحسين أداء الاجهزة الحكومية
509,['توج بحث هجي بحث رسل جمع جال بدع نظم جهز حكم'],التوجهات البحثية والمنهجية في بحوث الرسائل الجامعية في مجال الابداع التنظيمي في الاجهزة الحكومية
510,['الي ادء وظف رجع دخل ودر عظم قيم درس يدن'],"آليات أداء وظيفة المراجعة الداخلية ودورها في تعظيم القيمة "" دراسة ميدانية "" "
511,['رضا عملاء كمتغير وسط علق بعد سوق علق ولء عملاء درس طبق'],"رضا العملاء كمتغير وسيط في العلاقة بين أبعاد تسويق العلاقات وولاء العملاء "" دراسة تطبيقية """
512,['طبع بشر فضل خطب كفح فسد نظم شفف دول'],الطبيعة البشرية والفضيلة في خطاب مكافحة الفساد لمنظمة الشفافية الدولية
513,['درك عضء هيئ درس جمع نور أبعاد ثقف جود عمد'],إدراك أعضاء هيئة التدريس في جامعة نورة لأبعاد ثقافة الجودة والاعتماد
514,['حدث نظم حكم سعد جدد صدر رسم لكي رقم 34 ارخ 24 5 1433 هـ'],المستحدث في نظام التحكيم السعودي الجديد الصادر بالمرسوم الملكي رقم 34 وتاريخ 24 / 5 / 1433 هـ
515,['تجه كمل سوق سهم علم أسواق سهم لدل جلس تعا خلج'], اتجاهات التكامل في أسواق الاسهم العالمية وأسواق الاسهم لدول مجلس التعاون الخليجي
516,['قيس ستى شفف فصح قرر الة نشر تحس جود علم حسب نشأ عمل'],قياس مستوى شفافية الافصاح في التقارير المالية المنشورة لتحسين جودة المعلومات المحاسبية بمنشأت الاعمال
517,['أثر خلف ثقف درة عرف مشاريع علم'],تأثير الاختلافات الثقافية على إدارة المعرفة في المشاريع العالمية 
518,['درس حلل عمل خطط عمر سبب زدحام رور دخل دين ريض كنموذج مدن'],دراسة تحليلية لعوامل التخطيط العمراني المسببة للازدحامات المرورية داخل مدينة الرياض كنموذج للمدن
519,['قدر طلب عمل وفد قطع خاص وامكانية حلل عمل وطن ملك'],تقدير الطلب على العمالة الوافدة في القطاع الخاص وامكانية احلالها بالعمالة الوطنية في المملكة
520,['طمر وظف علق راس مال نفس ستى شعر حتق نظم عمل'],اثر الانطمار الوظيفي في العلاقة بين راس المال النفسي ومستوى الشعور بالاحتقان التنظيمي لدى العاملين 
521,['علق حوكم شرك وزع سهم نقد ظل خلف نشط شرك سهم'],العلاقة بين حوكمة الشركات وتوزيعات الاسهم النقدية في ظل اختلاف نشاط الشركات المساهمة
522,['درس حفز دخل شرك عرف نظم'],دراسة اثر التحفيز الداخلي على مشاركة المعرفة التنظيمية
523,['خرج حلل الي خطر نظم سهم سعد درس حلل شرك صنع'],اثر مخرجات التحليل المالي على المخاطر النظامية للاسهم السعودية : دراسة تحليلية للشركات الصناعية
524,['عكس حسب حوكم شرك ؤشر ادء وثر عئد سهم طبق شرك'],الانعكاسات المحاسبية لحوكمة الشركات على مؤشرات الاداء واثرها على عوائد الاسهم بالتطبيق على الشركات
525,['دخل قرح لحد عوق فعل دور رجع خرج سهم كفح غسل مول بنك'],مدخل مقترح للحد من معوقات تفعيل دور المراجعين الخارجيين للمساهمة في مكافحة غسل الاموال في البنوك
526,['صمم نظم علم كترو ذات وعي جمع درة عرف'],تصميم نظم للتعلم الالكتروني ذات وعي اجتماعي من خلال ادارة المعرفة
527,['اثر لزم نظم علق رضا وظف ادء وظف درس حلل'],أثر الالتزام التنظيمي في العلاقة بين الرضا الوظيفي والأداء الوظيفي: دراسة تحليلية
528,['قيس حسب مرس درة ربح نظم عمل سبل علج درس نظر طبق'],القياس المحاسبي لممارسة إدارة الأرباح بمنظمات الأعمال وسبل معالجتها: دراسة نظرية تطبيقية
529,['قيد دري قرن وحد عشر'],القيادة الادارية في القرن الواحد والعشرين
530,['قيم إدر خطر بيئ ربط درة حكم حلة إدر ازم'],تقييم وإدارة المخاطر البيئية: الربط بين إدارة الحكومة المحلية وإدارة الأزمات
531,['ستي عوق تمك علق ولء نظم صرف سعد درس طبق عين صرف برد'],مستويات ومعوقات التمكين وعلاقتة بالولاء التنظيمي في المصارف السعودية: دراسة تطبيقية على عينة من مصارف بريدة 
532,['اطر قرح فعل دور حوكم شرك حجم خدم الب حسب بدع'],إطار مقترح لتفعيل دور حوكمة الشركات في تحجيم استخدام بعض أساليب المحاسبة الإبداعية
533,['عوق نمو قصد ارد'],معوقات النمو الاقتصادي في الأردن
534,['قيس ادء قطع عام بانجلترا بحث خيط ذهب'],قياس الأداء في القطاع العام بانجلترا البحث عن الخيط الذهبي
535,['اثر نظم علم دري عمل دري درس يدن جمع ملك سعد'],"أثر نظم المعلومات الإدارية على العملية الإدارية "" دراسة ميدانية على جامعة الملك سعود"""
536,['دور الي حوكم تحس لءم علم هيكل قيس هرم قيم عدل طبق بنك'],دور آليات الحوكمة في تحسين ملاءمة معلومات هيكل القياس الهرمي للقيمة العادلة بالتطبيق على البنوك
537,['استقلالية دقق حسب شرع عرب درس حلل قرن'],"استقلالية مدقق الحسابات في التشريعات العربية "" دراسة تحليلية مقارنة """
538,['مرس استراتيجية ورد بشر بدل تحس ادء نظم قطع عام'], الممارسات الإستراتيجية للموارد البشرية بدائل تحسين الأداء التنظيمي في القطاع العام 
539,['اثر خصص وظف لزم نظم عمل قطع حكم ملك عرب سعد'],أثر خصائص الوظيفة على الالتزام التنظيمي للعاملين في القطاع الحكومي في المملكة العربية السعودية
540,['اثر خصص جود دقق تحس ستى حفظ حسب شرك سهم عمة صنع ارد'],أثر خصائص جودة التدقيق في تحسين مستوى التحفظ المحاسبي في الشركات المساهمة العامة الصناعية الأردنية
541,['نظم رهن عقر سجل جدد عرض علق'],نظام الرهن العقاري المسجل الجديد عرض وتعليق
542,['قيم فعل نظم دور مقاييس ادء'],تقييم فعالية المنظمات: دور مقاييس الأداء
543,['مدى فعل جرء سلم هنة شفي حكم'], مدى فاعلية إجراءات السلامة المهنية في المستشفيات الحكومية
544,['دفع غير حسب دري وتج جاب فكر طبق عمل'],دوافع التغيير في المحاسبة الادارية واتجاهات الاستجابه في الفكر والتطبيق العملي
545,['أثر عمل جنب قلب عئد سوق سهم صرة'],تأثير تعاملات الأجانب على تقلبات العائد في سوق الأسهم المصرية
546,['عرض نقد كتب درة جمع ؤسس علم علي استراتيجي طور نهج تحس'],عرض نقدي لكتاب : إدارة الجامعات ومؤسسات التعليم العالي: إستراتيجيات التطوير ومناهج التحسين
547,['اثر ثقف نظم سلك لزم نظم درس طبق'], أثر ثقافة المنظمة في سلوكيات الالتزام التنظيمي ( دراسة تطبيقية )
548,['درك دير شرك صنع لإسترتيجية وزر بيئ ارد أثر كفء بيئ'],إدراك المديرين في الشركات الصناعية لإسترتيجية وزارة البيئة الأردنية وأثرها في الكفاءة البيئية
549,['لجن رجع أثر قرر رجع خرج درس طبق شرك دوي صرة'],لجان المراجعة وأثرها على تقرير المراجع الخارجي : دراسة تطبيقية على شركات الأدوية المصرية
551,['درة عرف قضة نظر سيس شرع'],الإدارة المعرفية للقضاة من منظور السياسة الشرعية
552,['جود علم حسب درس طبق شرك سعد سهم فتر 1991 2009م'],جودة المعلومات المحاسبية: دراسة تطبيقية على الشركات السعودية المساهمة للفترة من 1991 - 2009م
553,['اثر ثمر جنب بشر صدر ارد'],أثر الاستثمار الأجنبي المباشر في الصادرات الأردنية
554,['بنء ؤسس دام عمل انس'],بناء المؤسسات المستدامة : العامل الإنساني
555,['درة عرف نظر ثقف حضر دخل استشرافي لسف'],إدارة المعرفة : نحو منظور ثقافي حضاري مدخل استشرافي فلسفي
556,['سبب جاب سوح يدن بحث سحي تدرب عهد درة عمة'], أسباب عدم الاستجابة في المسوح الميدانية : بحث مسحي على متدربي معهد الادارة العامة
557,['خدم فحص اكد مدى طبق بيئ سعد درس طبق نظر عدي بين'],خدمات فحص التاكيدات ومدى تطبيقها في البيئة السعودية : : دراسة تطبيقية من منظور معدي البيانات
558,['عدة نظر طلق أسس دفع خدم عمة حصل عشر بحث خطة عمل'],إعادة النظر في المنطلقات التأسيسية لدوافع الخدمة العامة : حصيلة عشرين عاما من البحوث مع خطة عمل
559,['وقع خطط استراتيجي جهز حكم ودر حقق رؤة ملك 2030'],واقع التخطيط الإستراتيجي في الإجهزة الحكومية ودوره في تحقيق رؤية المملكة 2030
560,['مدى حجة طور نظم هيكل درة حلة وكب رؤة ملك عرب سعد 2030'],مدى الحاجة لتطوير أنظمة وهياكل الإدارة المحلية لمواكبة رؤية المملكة العربية السعودية 2030
561,['جود حية وظف علق إدر ادء درس يدن نسب اجز حكم بمد ريض'],جودة الحياة الوظيفية وعلاقتها بإدارة الأداء - دراسة ميدانية لمنسوبي الأجزة الحكومية بمدينة الرياض
562,['جود حية وظف ودر طور هار دري عمل جهز حكم سعد وجه نظر تدرب عهد درة عمة ريض'],جودة الحياة الوظيفية ودورها في تطوير المهارات الإدارية للعاملين في الأجهزة الحكومية السعودية من وجهة نظر متدربي معهد الإدارة العامة بالرياض
563,['تحد وجه قيد دري نفذ سطى وجه نظر شرك حلق معد درة عمة ضوء رؤة ملك 2030'],التحديات التي تواجه القيادات الإدارية التنفيذية (الوسطى) من وجهة نظر المشاركين في الحلقات بمعد الإدارة العامة على ضوء رؤية المملكة 2030
564,['كمل هدف درة ورد بشر هدف استراتيجية وزر سعد'],التكامل بين أهداف إدارة الموارد البشرية والأهداف الإستراتيجية في الوزارات السعودية
565,['أثر عئد نفط قصد سعد نتج سيس ملك نوع قصد صدر دخل'],تأثير العائدات النفطية على الإقتصاد السعودي ونتائج سياسات المملكة في تنويع إقتصادها ومصادر دخلها
566,['دور سهم قطع اقتصادية عزز جمل نتج حلي درس طبق ملك عرب سعد'],دور مساهمة القطاعات الاقتصادية في تعزيز إجمالي الناتج المحلي - دراسة تطبيقية على المملكة العربية السعودية
567,['تطر دين عام أثر نمو قتصادى ضوء رؤة ملك 2030'],تطور الدين العام وأثره على النمو الاقتصادى في ضوء رؤية المملكة 2030
568,['حجم مثل فاق حكم ملك عرب سعد فتر 1970 2016'],الحجم الأمثل للإنفاق الحكومي في المملكة العربية السعودية خلال الفترة 1970 - 2016
569,['مدى أثر جود رجع دخل ستى شفف جهز حكم ملك عرب سعد درس يدن'],مدى تأثير جودة المراجعة الداخلية في مستوى الشفافية بالأجهزة الحكومية في المملكة العربية السعودية - دراسة ميدانية
570,['دور بين ضخم نمي دري فرص تحد'],دور البيانات الضخمة في التنمية الإدارية - الفرص والتحديات
571,['وعى امن معلوماتي وظف قطع حكم ملك عرب سعد'],الوعى الأمني المعلوماتي لموظفي القطاع الحكومي في المملكة العربية السعودية
572,['الي حقق امن يبر وانعكاسات سلك خدم قني علم وظف قطع حكم ملك عرب سعد'],آليات تحقيق الأمن السيبراني وانعكاساتها على سلوك مستخدمي تقنية المعلومات من موظفي القطاع الحكومي بالمملكة العربية السعودية
574,['مكن تمز ؤسس قطع بنك وفق لرؤ ملك 2030 درس يدن بنك نطق شرق ملك عرب سعد'],ممكنات التميز المؤسسي في القطاع البنكي وفقا لرؤية المملكة 2030 - دراسة ميدانية على بنوك المنطقة الشرقية في المملكة العربية السعودية
575,['رؤى وقع قيس إدر ادء جهز حكم ملك عوق طبق ضوء رؤة ملك 2030'],رؤى حول واقع قياس وإدارة الأداء في الأجهزة الحكومية بالمملكة ومعوقات التطبيق في ضوء رؤية المملكة 2030
576,['تحد وجه جهز حكم نفذ بدر رمج رؤة ملك عرب سعد 2030'],التحديات التي تواجه الأجهزة الحكومية في تنفيذ مبادرات برامج رؤية المملكة العربية السعودية 2030
577,['بيئ قنن ورؤ ملك 2030'],البيئة القانونية ورؤية المملكة 2030
578,['سهم شار دري حقق رؤة ملك 2030 جرب عهد درة عمة فب ملك عرب سعد'],إسهام الاستشارات الإدارية في تحقيق رؤية المملكة 2030 - تجربة معهد الإدارة العامة فب المملكة العربية السعودية
579,['جرب جزر صلح خدم دنة كسب خفق'],التجربة الجزائرية في إصلاح الخدمة المدنية - المكاسب والإخفاقات
580,['تطر نظم ضورء رؤة ملك 2030'],التطور التنظيمي في ضورء رؤية المملكة 2030
583,['جرب بعث ملك عرب سعد'],تجربة الابتعاث في المملكة العربية السعودية
584,['خطط ثمر نمي رأس مال بشر ضوء رؤة ملك 2030'],التخطيط والاستثمار في تنمية رأس المال البشري في ضوء رؤية المملكة 2030
585,['تحد قبل تحل رقم ملك عرب سعد'],تحديات ومستقبل التحول الرقمي في المملكة العربية السعودية
586,['بنء ؤشر قيس ناج وظف حكم'],بناء مؤشر لقياس إنتاجية الموظف الحكومي
587,['مرس خطئ قيس ادء ؤشر ادء رئس'],الممارسات الخاطئة في قياس الأداء ومؤشرات الأداء الرئيسية
588,['جرب عهد درة عمة حوكم درة نفذ مبادراته رنمج تحل وطن 2020'],تجربة معهد الإدارة العامة في حوكمة إدارة وتنفيذ مبادراته في برنامج التحول الوطني 2020
589,['رضا عمل أثر رضا عملاء جود خدم درس يدن قرن شفي عمل قطع حكم قطع خاص نطق غرب ملك عرب سعد'],رضا العاملين وأثره على رضا  العملاء عن جودة الخدمة - دراسة ميدانية: مقارنة بين المستشفيات العاملة في القطاع الحكومي والقطاع الخاص في المنطقة الغربية بالمملكة العربية السعودية
590,['رضا فيد خدم حكم الكترونية ملك عرب سعد طبق نطق ريض'],رضا المستفيدين من الخدمات الحكومية الإلكترونية في المملكة العربية السعودية بالتطبيق على منطقة الرياض
591,['رضا عملاء رجع أقسام طرئ شفي حكم بمد حئل'],رضا العملاء المراجعين لأقسام الطوارئ في المستشفيات الحكومية بمدينة حائل
592,['جود خدم قدم طلب جمع سعد أثر تحس رضا'],جودة الخدمات المقدمة لطلبة الجامعات السعودية وأثرها في تحسين رضاهم
594,['همي فعل سؤل قنن شخص وظف حكم خطئ لضم متع عملاء جهز حكم حقق ركز قنن'],أهمية تفعيل المسؤولية القانونية الشخصية للموظفين الحكوميين عن أخطائهم لضمان تمتع عملاء الجهاز الحكومي بحقوقهم ومراكزهم القانونية
595,['هل رضا عمل وجد خدم حكم حق ام يزة'],هل رضا العميل وجودة الخدمة الحكومية حق أم ميزة؟
597,['دور جهز رقب رفع ستى خدم قدم عملاء قطع حكم'],دور الأجهزة الرقابية في رفع مستوى الخدمات المقدمة للعملاء في القطاع الحكومي
598,['وقع دور قيد دري نمي تحس خدم عملاء درس استطلاعية قطع حكم ملك'],واقع دور القيادات الإدارية في تنمية وتحسين خدمة العملاء: دراسة استطلاعية على القطاع الحكومي بالمملكة
599,['استراتيجية تحس خدم عملاء نظم علم ضوء بكر نظم تصر قرح وزر علم ملك عرب سعد'],استراتيجية تحسين خدمة العملاء في المنظمات التعليمية في ضوء الابتكار التنظيمي: تصور مقترح لوزارة التعليم بالمملكة العربية السعودية
600,['قيس اثر جود خدم الكترونية قطع حكم وذج قرح'],قياس أثر جودة الخدمات الإلكترونية في القطاع الحكومي: نموذج مقترح
601,['درة جود شمل خدم عملاء قطع حكم وذج قرح'],إدارة الجودة الشاملة وخدمة العملاء في القطاع الحكومي - أنموذج مقترح
602,['قيس قطب عمل نجح خدمتى صدر أشر خدم رور بشر باستخدام تقن حلل نصي وقع شبك اجتماعية'],قياس قطبية عوامل نجاح خدمتى إصدار التأشيرات والخدمات المرورية من أبشر باستخدام تقنيات التحليل النصي في مواقع الشبكات الاجتماعية
603,['تبن فهم حكم ذكة طور خدم عملاء قطع حكم ملك عرب سعد وقع طلع طبق دين ريض'],تبني مفهوم الحكومة الذكية لتطوير خدمات عملاء القطاع الحكومي في المملكة العربية السعودية: الواقع والتطلعات (بالتطبيق على مدينة الرياض)
604,['حكم ذكة ودر طور خدم جهز حكم'],الحكومة الذكية ودورها في تطوير خدمات الأجهزة الحكومية
606,['حدد جود خدم ضرب الكترونية ادر ضرب درس حلل قرن مصر سعد ارد'],محددات جودة الخدمات الضريبية الإلكترونية للإدارات الضريبية: دراسة تحليلية مقارنة في مصر - السعودية - الأردن
608,['ستى كمل قيد استراتيجية نفذ حكم ملك عرب سعد'],مستوى التكامل بين القيادات الاستراتيجية والتنفيذية الحكومية في المملكة العربية السعودية
609,['عمل ؤثر قيد نظم قطع حكم'],العوامل المؤثرة في قيادة منظمات القطاع الحكومي
610,['تحد طلع وجه قيد دري وزر صحة درس كيف'],التحديات والتطلعات التي تواجه القيادات الإدارية في وزارة الصحة: دراسة كيفية
612,['ضام قيد حول رمج درس علا درة ربو خطط ودر نمي هار درس قيد'],مضامين القيادة التحويلية ببرامج الدراسات العليا في الإدارة التربوية والتخطيط ودورها في تنمية مهارات الدارسين القيادية
613,['طور قيد ؤسس حكم'],تطوير القيادة في المؤسسات الحكومية
614,['طور قيد دري عمد شؤؤ طلب جمع حكم سعد ضوء تحد عصر جرب علم'],تطوير القيادات الإدارية في عمادات شؤؤن الطلاب بالجامعات الحكومية السعودية في ضوء التحديات المعاصرة والتجارب العالمية
615,['بعد خصص قيد خلق جهز حكم نطق تبك'],أبعاد وخصائص القيادة الأخلاقية في الأجهزة الحكومية بمنطقة تبوك
616,['اثر مرس قيد خلق دير حقق تمز نظم درس طبق حفظ ابع إمر مكة كرم'],أثر ممارسات القيادة الأخلاقية للمديرين في تحقيق التميز التنظيمي: دراسة تطبيقية على المحافظات التابعة لإمارة مكة المكرمة
617,['دور قيد جمع حكم سعد بنء جمع تعلم درس يدن وجه نظر وظف دري'],دور القيادة في الجامعات الحكومية السعودية في بناء الجامعة المتعلمة: دراسة ميدانية من وجهة نظر الموظفين الإداريين فيها
618,['خبر صلح طبق قيس قيد خدم بيئ جهز حكم ملك عرب سعد'],اختبار صلاحية تطبيق مقياس للقيادة الخادمة في بيئة الأجهزة الحكومية في المملكة العربية السعودية
619,['اثر نمط قيد تبع جود علق قدة رؤس ودر عزز سلك وظف بيئ غير نظم'],أثر نمط القيادة المتبع على جودة العلاقة بين القادة ومرؤوسيهم ودور ذلك في تعزيز سلوكيات الموظفين في بيئة التغيير التنظيمي
620,['قيد خلق علق ستو ولء نظم درس يدن عمل دين ملك عبد عزز علم قني'],القيادة الأخلاقية وعلاقتها بمستويات الولاء التنظيمي: دراسة ميدانية على العاملين في مدينة الملك عبد العزيز للعلوم والتقنية
621,['استراتيجية قيد ديناميكية دعم بكر جمع كمدخل طور قيد دري وذج قرح نظم علم ملك عرب سعد'],إستراتيجية القيادة الديناميكية الداعمة للابتكار الاجتماعي: كمدخل لتطوير القيادات الإدارية (نموذج مقترح للمنظمات التعليمية بالمملكة العربية السعودية)
622,['معايير خير قدة جهز حكم'],معايير اختيار القادة في الأجهزة الحكومية
623,['استراتيجي خطط عقب قيد درس يدن قيد دري جهز حكم ملك عرب سعد'],استراتيجيات خطط تعاقب القيادات: دراسة ميدانية على القيادات الإدارية في الأجهزة الحكومية في المملكة العربية السعودية
624,['تحد طبق خطط عقب وظف نظم سعد درس حلة هيئ ؤسس حكم'],تحديات تطبيق خطط التعاقب الوظيفي في المنظمات السعودية - دراسة حالة: الهيئات والمؤسسات الحكومية
625,['خطط عقب قيد دري حكزم ملك عرب سعد'],تخطيط تعاقب القيادات الإدارية الحكزمية في المملكة العربية السعودية
626,['دور قان فعل قيد دري حكم درس حلل ضوء قضء ديو ظلم ملك عرب سعد'],دور القانون في فعالية القيادات الإدارية الحكومية: دراسة تحليلية في ضوء قضاء ديوان المظالم في المملكة العربية السعودية
627,['جنب قنن نظم تعلق وظف عمة ملك تحد ادء جاز قيد دري حكم'],الجوانب القانونية للأنظمة المتعلقة بالوظيفة العامة في المملكة التي تحد من أداء وانجاز القيادات الإدارية الحكومية
628,['توط بدأ جدر خير وتع قيد دري حكم ملك عرب سعد ضوء خبر دول'],توطين مبدأ الجدارة في اختيار وتعيين القيادات الادارية الحكومية في المملكة العربية السعودية (في ضوء الخبرات الدولية)
629,['وظف قيد خدم دنة وقع أمل درس يدن'],الوظائف القيادية في الخدمة المدنية بين الواقع والمأمول: دراسة ميدانية
630,['تحد وجه قيد دري حكم وظف نظم درة علم درب كترو جهز حكم درس نوع باستخدام وذج قبل قني'],التحديات التي تواجهها القيادات الإدارية الحكومية في توظيف نظم إدارة التعليم والتدريب الإلكتروني في الأجهزة الحكومية: دراسة نوعية باستخدام نموذج قبول التقنية
631,['عوق ولى رأة سعد نصب قيد علا جمع سعد'],معوقات تولى المرأة السعودية المناصب القيادية العليا في الجامعات السعودية
632,['تمك وظف قيد اكاديمية نسي جمع سعد'],التمكين الوظيفي للقيادات الأكاديمية النسائية في الجامعات السعودية
633,['تحد وجه قيد دري نسي جمع سعد'],التحديات التي تواجه القيادات الإدارية النسائية بالجامعات السعودية
634,['تمك دري قيد نسي جمع سعد وقع تحد'],التمكين الإداري للقيادات النسائية في الجامعات السعودية: الواقع والتحديات
635,['تصر قرح طبق دخل ريد استراتيجية قيد جمع درة ؤسس علم علي ملك عرب سعد'],تصور مقترح لتطبيق مدخل الريادة الاستراتيجية للقيادات الجامعية في إدارة مؤسسات التعليم العالي بالمملكة العربية السعودية
636,['قيم دور جهز رقب رفع ستى نزه شفف جهز حكم ملك عرب سعد درس طبق'],تقييم دور الأجهزة الرقابية في رفع مستوى النزاهة والشفافية في الأجهزة الحكومية بالمملكة العربية السعودية: دراسة تطبيقية
637,['فخو صفر حجة دري حمي قنن'],نافخو الصافرات بين الحاجة الإدارية والحماية القانونية
638,['دور علم وعي حوكم درس يدن نسب جهز حكم بمد ريض'],دور الإعلام في التوعية بالحوكمة: دراسة ميدانية على منسوبي الأجهزة الحكومية بمدينة الرياض
639,['حوكم الكترونية ودر حقق هدف نمي دري درس حلة وذج حكم ذكة بدب'],الحوكمة الإلكترونية ودورها في تحقيق أهداف التنمية الإدارية: دراسة حالة لنموذج الحكومة الذكية بدبي
640,['قيم مرس حوكم شرك أثر ستى ادء شرك ظل خلف هيكل لكة دلل شرك درج سوق الة سعد'],تقييم ممارسات حوكمة الشركات وأثرها على مستوى أداء الشركات في ظل اختلاف هياكل الملكية: دليل من الشركات المدرجة بالسوق المالية السعودية
642,['طور شمل درة عمة عزز قصد ريد عمل ملك عرب سعد'],التطوير الشامل للإدارة العامة لتعزيز اقتصاد ريادة الأعمال بالمملكة العربية السعودية
643,['درب حكم ريد عمل ملك عرب سعد درس استطلاعية عين رود ورد عمل'],التدريب الحكومي لريادة الأعمال في المملكة العربية السعودية: دراسة استطلاعية على عينة من رواد ورائدات الأعمال
644,['همي درة عرف حقق نمي دري اقتصادية'],أهمية إدارة المعرفة في تحقيق التنمية الإدارية والاقتصادية
645,['قيس فصح حسب رأس مال عرف دعم هدف تمة دري رنمج تحل وطن 2020 ملك عرب سعد شكل حلل قرح درس طبق شرك تصل سعد'],القياس والإفصاح المحاسبي عن رأس المال المعرفي لدعم أهداف التمية الإدارية ببرنامج التحول الوطني 2020 في المملكة العربية السعودية: المشكلات والحلول المقترحة (دراسة تطبيقية على شركات الاتصالات السعودية)
646,['دور شرف ربو نمي هنة علم رحل ثني عصر قصد عرف'],دور الإشراف التربوي في التنمية المهنية لمعلمي المرحلة الثانوية في عصر الاقتصاد المعرفي
647,['شرك قطع عام خاص ppp ودر نمي دري ضوء رؤة 2030 رنمج تحل وطن'],الشراكة بين القطاعين العام والخاص PPP ودورها في التنمية الإدارية في ضوء رؤية 2030 وبرنامج التحول الوطني
648,['خطط استراتيجي شرك نظم علم قطع خاص تنم كفء ادء دري وذج قرح وزر علم ملك عرب سعد'],التخطيط الاستراتيجي للشراكة بين المنظمات التعليمية والقطاع الخاص لتنمية كفاءة الأداء الإداري (أنموذج مقترح لوزارة التعليم بالمملكة العربية السعودية)
649,['قعد نظم لاستثمار ؤسس الة جنب سوق مال قرء اقتصادية وقانونية'],القواعد المنظمة لاستثمار المؤسسات المالية الأجنبية في سوق المال: قراءة اقتصادية وقانونية
650,['سبل فعل شرك جمع قطع خاص ودر نمي دري ملك عرب سعد'],سبل تفعيل الشراكة بين الجامعات والقطاع الخاص ودورها في التنمية الإدارية بالمملكة العربية السعودية
651,['تجه عضء هيئ درس جمع حكم دور درب نمي قدر'],اتجاهات أعضاء هيئة التدريس في الجامعات الحكومية نحو دور التدريب عن بعد في تنمية قدراتهم
652,['طور وذج حلل حيج درب استراتيجي نظم ربح'],تطوير نموذج لتحليل الاحتياج التدريبي الإستراتيجي في المنظمات غير الربحية
653,['قيد تنم ورد بشر جمع مير نور بنت عبد رحم درس استطلاعية آرء تجه وظف دري'],القيادة وتنمية الموارد البشرية في جامعة الأميرة نورة بنت عبد الرحمن - دراسة استطلاعية لآراء (اتجاهات) الموظفات الإداريات
654,['درب بادل قنة نمي دري تصر قرح'],التدريب المتبادل قناة التنمية الإدارية (تصور مقترح)
655,['وقع ثقف نظم علق تمك دري قيد نسي وزر حكم ملك عرب سعد'],واقع الثقافة التنظيمية وعلاقتها بالتمكين الإداري للقيادات النسائية في الوزارات الحكومية بالمملكة العربية السعودية
656,['درة ورد بشر نسي وزر علم ملك عرب سعد ضوء جرب امر تصر قرح'],إدارة الموارد البشرية النسائية في وزارة التعليم في المملكة العربية السعودية في ضوء التجربة الأمريكية: تصور مقترح
657,['دور جمع نمي هار قيد طلب وجه نظر عضء هيئ درس'],دور الجامعات في تنمية المهارات القيادية لدى طلابها من وجهة نظر أعضاء هيئة التدريس
658,['ضمن وظف رحل حقق دري نظم سعد'],ضمانات الموظف في مرحلة التحقيق الإداري في النظام السعودي
659,['اثر اسس حقق عدل طبق حسب سؤل دئر حكم دلل ارد']," أثر أساس الاستحقاق المعدل في تطبيق محاسبة المسؤولية في الدوائر الحكومية "" دليل من الأردن """
660,['حدد فاق حكم ملك عرب سعد'],محددات الانفاق الحكومي في المملكة العربية السعودية
661,['قرر دري عدم فقه قضء درس قرن'],القرارات الإدارية المعدومة في الفقه والقضاء : دراسة مقارنة
662,['نظم تفق فاض عقد دري درس قرن ملك عرب سعد مصر'],التنظيم الاتفاقي لمفاوضات العقود الإدارية : دراسة مقارنة بين المملكة العربية السعودية ومصر 
663,['فصح نبؤ الة قرر ثمر ورق الة درس طبق'],اثر الافصاح عن التنبؤات المالية في قرارات الاستثمار في الاوراق المالية مع دراسة تطبيقية
664,['علق سبب تجه جار خرج نمو قصد'],العلاقة السببية بين اتجاهات التجارة الخارجية والنمو الاقتصادي
665,['قيد استراتيجة فن نهج'],القيادة الإستراتيجة : فن ومنهج
666,['مدى طبق بدى درة جود شمل شفي دين ريض وجه نظر مرس هنة مرض'],مدى تطبيق مبادى أدارة الجودة الشاملة في مستشفيات مدينة الرياض من وجهة نظر ممارسي مهنة التمريض
667,['قيد استرتيجية علم نظم'],القيادة الاسترتيجية والتعلم التنظيمي
668,['نوع جهز حكم اثر ستى رضا وظف درس طبق'],نوع الجهاز الحكومي و أثره على مستوى الرضا الوظيفي : دراسة تطبيقية
669,['استراتيجية غير ثقف ؤسس ربو دير جدد أثر عمل دري'],إستراتيجية تغيير ثقافة المؤسسات التربوية من قبل المديرين الجدد وأثرها على العمل الإداري
670,['دور مرس علم نظم سند غير استراتيجي شآت سعد كبرى'],دور ممارسة التعلم التنظيمي في مساندة التغيير الإستراتيجي في المنشآت السعودية الكبرى
671,['قلل قضء دعء عام نظم سعد درس قرن'],استقلال القضاء والادعاء العام في الأنظمة السعودية : دراسة مقارنة
672,['درة ربح شرك سعد'],إدارة الربح في الشركات السعودية
673,['استراتيجية درة ياب'], إستراتيجية الإدارة اليابانية 
674,['لمذ جهل درة عمة علم عام وهل لذلك همي'],لماذا تتجاهل الادارة العامة التعليم العام ؟ وهل لذلك أهمية ؟
675,['حلل قصد حدد نمو عمر دين برد نطق قصم'], تحليل اقتصادي لمحددات النمو العمراني في مدينة بريدة بمنطقة القصيم
676,['دخل حسب كلف اسس نشط كأساس قيس كلف خدم صحة شفي'],مدخل المحاسبة عن التكلفة على أساس النشاط كأساس لقياس تكلفة الخدمات الصحية بالمستشفيات
677,['شكل نفذ حكم قضي صدر درة درس قرن'], أشكالية تنفيذ الاحكام القضائية الصادرة ضد الادارة : دراسة مقارنة
678,['شكل رجع خرج صناديق ثمر درس استطلاعية عين رقب حسب قهر'],مشكلات المراجعة الخارجية لصناديق الاستثمار : دراسة استطلاعية على عينة من مراقبي الحسابات في القاهرة 
679,['طور دير جهز حكم درس استطلاعية سبب دخل تبع جهز حكم'], تطوير المديرين في الأجهزة الحكومة : دراسة استطلاعية للأسباب الداخلية التي تتبعها الأجهزة الحكومية
680,['نظم دعم قرر قرح بني سلب حلل هرم إدر صين'],نظام دعم قرارات مقترح مبني على أسلوب التحليل الهرمي لإدارة الصيانة
681,['طلق رمج علم درب كترو وذج قرح'],إطلاق برامج التعليم والتدريب الإلكتروني : نموذج مقترح
682,['قصى تغر توقع ان ؤثر سلك بحث غذي عكس ادء درس يدن'],التقصى عن بعض المتغيرات المتوقع أن تؤثر على سلوك البحث عن تغذية عكسية عن الاداء : دراسة ميدانية
683,['كون رئس زيج روج أثر نشط سوق'],المكونات الرئيسة للمزيج الترويجي وأثرها في النشاط التسويقي
684,['وزع كترو علم قرر عمل مدى حجة نظم جنب الى درس اختبارية تغر'],التوزيع الالكتروني لمعلومات تقارير الأعمال ومدى الحاجة لتنظيم جانبه المالى : دراسة اختبارية للمتغيرات
685,['نفس كفء خصص كلف ؤسس حكم وقع طبق نظم حيط درل'],المنافسة والكفاءة وتخصيص التكلفة في المؤسسات الحكومية : واقع التطبيق على نظام الاحتياطي الفيدرالي
686,['سمع شهد نقش سئل جني نظم سعد'],سماع الشهود ومناقشتهم في المسائل الجنائية في النظام السعودي
687,['بكر حكم جرر مثل دري'],اعادة ابتكار الحكومة اجترار الامثال الإدارية 
688,['حمي جني بيئ نظم سعد'],الحماية الجنائية للبيئة في النظام السعودي
689,['نطق قنو بدأ منع جنب مرس جار ملك عرب سعد'],النطاق القانوني لمبدأ منع الأجانب من ممارسة التجارة في المملكة العربية السعودية
690,['روح كيف تحل نظم'],قوة الروح: كيف تتحول المنظمات
691,['قيم نتج ؤمر وزر نظم جار علم سنغافورة هونج كونج'], تقييم لنتائج المؤتمرات الوزارية لمنظمة التجارة العالمية من سنغافورة حتى هونج كونج
692,['كفء سوق عمن الة قطع بنك ستى ضعف'],كفاءة سوق عمان المالية : قطاع البنوك عند المستوى الضعيف
693,['نظر حدث حفظ استثمارية وإمكانية طبق سوق سهم سعد'],النظرية الحديثة للمحافظ الاستثمارية وإمكانية تطبيقها على سوق الأسهم السعودية
694,['جلس كلء ملك عرب سعد 1350 1373 هـ 1931 1953م'],مجلس الوكلاء في المملكة العربية السعودية 1350-1373 هـ / 1931-1953م
695,['اثر خدم خرى رجع حسب جود علم حسب درس يدن سور'],أثر الخدمات الأخرى لمراجع الحسبات على جودة المعلومات المحاسبية : دراسة ميدانية في سورية
696,['حدد جود خدم رعي صحة ولي درس نوع'],محددات جودة خدمات الرعاية الصحية الأولية : دراسة نوعية
697,['آبعاد اجتماعية اقتصادية مني زيد عمل وفد نقص وظف قوى عمل وطن'],ألآبعاد الاجتماعية والاقتصادية والامنية لزيادة العمالة الوافدة ونقص توظيف القوى العاملة الوطنية
698,['مدى درك طلب جمع أثر لبئ نظم دخل دفع جاز'],مدى إدراك طلاب الجامعات لتأثير لبيئة التنظيمية الداخلية على دافعيتهم للإنجاز 
699,['بعد سلك حدد لتب نظم حكم الكترونية وظف قطع عام ملك'],الأبعاد السلوكية المحددة لتبني أنظمة الحكومة الألكترونية بين موظفي القطاع العام في المملكة
700,['قبل سعد نمو ناج عمل'],مستقبل السعودة ونمو أنتاجية العمل
701,['محن وظف سلم'],امتحانات التوظيف في الإسلام
702,['اسس سؤل درة وضع'],أساس مسؤولية الإدارة الموضوعية
703,['رجع ادء يئى اطر قرح'],امراجعة الأداء البيئى : إطار مقترح
704,['نزع لكة نفع عمة ملك عرب سعد'],نزع الملكية للمنفعة العامة في المملكة العربية السعودية
705,['خصص دور عمل حقق لدل جلس تعا خلج'], خصائص دورة الأعمال الحقيقية لدول مجلس التعاون الخليجي
706,['نظر سهم جرم درس قرن'],نظرية المساهمة الجرمية : دراسة مقارنة
707,['نظم بدل'],أنظمة التبادل
708,['فصل سبع حيد قئد'],الفصول السبعة في حيادة القائد
709,['تجه حدث درة ورد بشر درس استطلاعية ضغط أسباب وظف قطع'],الاتجاهات الحديثة في إدارة الموارد البشرية : دراسة استطلاعية عن ضغط الوقت وأسبابة بين موظفي القطاع
711,['همي سعر حول قيس ادء وذج قرح'],أهمية السعر التحويلي لقياس الأداء : نموذج مقترح
712,['حكم غرم أخر نظم نفس سعد رقب ديو ظلم درس حلل'],أحكام الغرامة التأخيرية في نظام المنافسات السعودي ورقابة ديوان المظالم عليها : دراسة تحليلية
713,['تجه نفس سلك استراتيجي سوق نشآ عمل سوق سعد'],الاتجاهات النفسية للمستلكين نحو الإستراتيجيات التسويقية لمنشآت الأعمال بالسوق السعودية
714,['جنب جمع بدع نظر شبك جمع سكن دينام تحر او تغر'],الجانب الاجتماعي للإبداع : منظور شبكي اجتماعي ساكن ودينامي(متحرك أو متغير)
715,['بحث حصف شكل كمن صلح دري'],بحثا عن الحصافة : المشكلة الكامنة في الاصلاح الإداري
716,['جمع صرم عدم خرج وضع علم درة عمة سهم قصء سرد'],الجمع بين الصرامة وعدم الخروج عن الموضوع في علم الإدارة العامة : مساهمة الاستقصاء السردي
717,['ضعف ادء كاديم سبب علج طبق طلب كلة قصد درة جمع قصم'],ضعف الأداء الأكاديمي: الأسباب والعلاج تطبيق على طلاب كلية الاقتصاد والادارة جامعة القصيم
718,['بنء قيس قوم تبع اثر درب وذج لاستخدامه عمل تبع وجه نظر تدرب'],بناء مقياس لتقويم ومتابعة أثر التدريب ونموذج لاستخدامه في عملية المتابعة من وجهة نظر المتدرب
719,['حمي جني وضع حية خصة جرم نرن شرع صري مدع ادل شرع'],الحماية الجنائية الموضوعية للحياة الخاصة من جرائم الانترنت في التشريع المصري : (مدعما بالأدلة الشرعية)
720,['تصل دري نظم علم'],الاتصالات الادارية ونظم المعلومات
721,['حفز دري فكر سلم'],الحوافز الإدارية في الفكر الإسلامي
722,['اثر سيس سعر لما شرب خصص ورد ملك عرب سعد'],أثر السياسات السعرية لمياه الشرب على تخصيص الموارد في المملكة العربية السعودية
723,['درة قيم كسب شرع'],ادارة القيم المكتسبة للمشروع
724,['درس يدن عمل ؤثر غير رجع خرج شرك سهم ملك عرب سعد'], دراسة ميدانية للعوامل المؤثرة في تغيير المراجع الخارجي بالشركات المساهمة في المملكة العربية السعودية
725,['درك وظف مدى وضع نظم قيم ادئ علق بعض خصص شخص وظف درس طبق'],إدارك الموظفين لمدى موضوعية نظام تقييم أدائهم وعلاقته ببعض الخصائص الشخصية والوظيفية : دراسة تطبيقية
726,['أثر خطأ قيس قدر اذج تعدد ستي درس طبق'],تأثير خطأ القياس على تقديرات النماذج متعددة المستويات: دراسة تطبيقية
727,['عمل ؤثر سلك دري بكر دير قطع بنك جرة سعد'], العوامل المؤثرة على السلوك الإداري الابتكاري لدى المديرين في قطاع البنوك التجارية السعودية
728,['اثر قدر بدع دير سيق نظم ستى حتى طور نظم سعد'],أثر القدرات الإبداعية للمديرين والسياق التنظيمي على مستوى ومحتوى تطوير المنظمات السعودية
729,['علق دفع عمل دخل لزم نظم ادء وظف خصص فرد درس يدن'],العلاقة بين دافعية العمل الداخلية والالتزام التنظيمي والأداء الوظيفي والخصائص الفردية : دراسة ميدانية
730,['أثر خطر دعوى قضي مرس حفظ حسب شرك تهم لعب'],تأثير مخاطر الدعاوى القضائية على ممارسات التحفظ المحاسبي في الشركات المتهمة بالتلاعب
731,['اهة صناديق ثمر ادر ملك عرب سعد'],ماهية صناديق الاستثمار وادارتها في المملكة العربية السعودية
732,['بدل علم كفء سوق مول ملك عرب سعد'],تبادل المعلومات وكفاءة سوق التمويل في المملكة العربية السعودية
733,['حدد عيء هنى جنس درس طبق ؤسس رعي اجتماعية بعض مدن ملك'],محددات الإعياء المهنى بين الجنسين : دراسة تطبيقية في مؤسسات الرعاية الاجتماعية ببعض مدن المملكة
734,['جرب خصص ملك عرب سعد ضوء جرب دول'],تجربة التخصيص في المملكة العربية السعودية في ضوء التجارب الدولية
735,['حدد نمو قصد قطع نفط سعد'],محددات النمو الاقتصادي في القطاع غير النفطي السعودي
736,['جهز دري ركز ملك عرب سعد بدي قرن جدد سبل طور'],الأجهزة الإدارية المركزية في المملكة العربية السعودية مع بداية القرن الجديد وسبل تطويرها
737,['حدد هيكل اجل دين شرك سهم سعد'],محددات هيكل أجل الديون في الشركات المساهمة السعودية
738,['دور رجع خرج قيم عمل ربط خطر حتم أغراض خطط عمل رجع درس يدن'], دور المراجع الخارجي في تقييم العوامل المرتبطة بالخطر الحتمي لأغراض تخطيط عملية المراجعة : دراسة ميدانية
739,['علق وقت اعل علم الة خصص شرك سهم سعد'],العلاقه بين توقيت الإعلان عن المعلومات المالية وخصائص الشركات المساهمة السعودية
740,['تجه وظف جهز حكم ارد دور وطن عمق فهم خدم دنة'], اتجاهات الموظفين في الأجهزة الحكومية الأردنية نحو دور المواطن في تعميق مفهوم الخدمة المدنية 
741,['مدى عرض حق وظف بعث قال وبين لزم خدم دول درس قرن'],مدى التعارض بين حق الموظف المبتعث في الاستقالة وبين الالتزام بخدمة الدولة : دراسة مقارنة
742,['خلف ثقف نقل عرف خصة نظم عبر حدد اطر عمل وحد'],الاختلافات الثقافية في نقل المعرفة الخاصة بالمنظمات عبر الحدود : إطار عمل موحد
743,['رجع حسب عمة ملك عرب سعد ارء رجع ديو رقب عمة'],مراجعة الحسابات العامة في المملكة العربية السعودية : آراء المراجعين في ديوان المراقبة العامة
744,['حلل اثر عمل نظم شخص عبر ذات بيئ عمل'],تحليل أثر العوامل التنظيمية والشخصية في اعتبار الذات في بيئة العمل
745,['ستي شبع حاج عمل ؤسس عمة ضمن جمع ارد'],مستويات أشباع حاجات العاملين في المؤسسة العامة للضمان الاجتماعي في الأردن 
746,['حلل اثر تغر اقتصادية ادء صناديق ثمر سوق ورق الة نشئ مصر'],تحليل أثر المتغيرات الاقتصادية في أداء صناديق الاستثمار في سوق الأوراق المالية الناشئة في مصر
747,['عوق بدع نظم سعد'],معوقات الابداع في المنظمات السعودية
748,['حلل قصد علق ملك عرب سعد ياب'],تحليل اقتصادي لعلاقات المملكة العربية السعودية مع اليابان
749,['قرن اذج كرث بحث دلل سيس شمل'],مقارنة بين نماذج الكوارث : البحث عن دليل لسياسة شاملة
750,['حلل علق سبب فاق حكم يرد حكم ملك عرب سعد'],تحليل العلاقة السببية بين الانفاق الحكومي والايرادات الحكومية في المملكة العربية السعودية
751,['وقع كتب جمع سعد شبك نرن قيم وقع خدم'],مواقع المكتبات الجامعية السعودية على شبكة الإنترنت : تقييم للواقع والخدمات
752,['روج صنع غذي ارد شرك عرض جرة دول'],ترويج الصناعات الغذائية الأردنية من خلال المشاركة في المعارض التجارية الدولية
753,['نظم زكة الي وحس عاش عام قدر كمي شمل قصد غرب'],نظام الزكاة المالي وحسن المعاش العام : تقدير كمي شمولي في الاقتصاد المغربي
754,['درة استراتيجية بنء نظم قبل'],الإدارة الإستراتيجية : بناء منظمات المستقبل
755,['نظر صحب صلح أبعاد لسف'],نظرية أصحاب المصالح وأبعادها الفلسفية
756,['تصر قبل فعل كمل قصد عرب درس حلل لمعوقاته وسل حقق'],تصور مستقبلي لتفعيل التكامل الاقتصادي العربي : دراسة تحليلة لمعوقاته ووسائل تحقيقة
757,['وذج ريض قرح خصص كلف غرق طقة كلف شرك شآت صنع'],نموذج رياضي مقترح لتخصيص التكاليف الغارقة للطاقة والتكاليف المشتركة في المنشآت الصناعية
758,['طبق دور حدث إدر ورد بشر نظم عمل سعد'],تطبيق الأدوار الحديثة لإدارات الموارد البشرية في منظمات الأعمال السعودية
759,['عولم درة عمة'],العولمة والادارة العامة
760,['تطر قان قرس بلس وحق حرة عبر كان عمل وظف عمم'],تطور في القانون : قارسيتي ضد سيبالوس وحق حرية التعبير في مكان العمل للموظفين العموميين
761,['أثر تغر شخص نظم ستى غرب وظف'], تأثير المتغيرات الشخصية والتنظيمية على مستوى الاغتراب الوظيفي
762,['عرض نقد كتب كنولوج علم درة تحل نظم قصد رقم'], عرض نقدي لكتاب تكنولوجيا المعلومات للادارة : تحول المنظمات نحو الاقتصاد الرقمي 
763,['شرك قطع حكم خاص كصغ نوع صدر مول جال علم عام'], الشراكة بين القطاعين الحكومي والخاص كصيغة لتنويع مصادر التمويل في مجال التعليم العام
764,['قدر كلف اجتماعية تلث هئي ريض ملك عرب سعد'],تقدير التكلفة الاجتماعية للتلوث الهوائي في الرياض بالمملكة العربية السعودية
765,['حكم ضرر سؤل دري'],أحكام الضرر في المسؤولية الإدارية
766,['درة عمة عون قيم مانعرف وكف عرف'],الادارة العامة التعاونية : تقييم مانعرفة وكيفية معرفتة
767,['تنع تحقق قصد سعد'],التنوع المتحقق في الاقتصاد السعودي
768,['قدر دلة طلب ورد سور فتر 1970م 2004م'],تقدير دالة الطلب على الواردات في سورية خلال الفترة من عام 1970م الى 2004م
769,['خير تغر هيكل سلك عنصر فاق كلى قصد عودى'],اختيار التغيرات الهيكلية في سلوك عناصر الإنفاق الكلى في الاقتصاد السعودى
770,['خطء طبة ودر درب كترو لحد درس طبق هيئ عمة تأم'], الأخطاء الطبية ودور التدريب الإلكتروني عن بعد في الحد منها: دراسة تطبيقية على الهيئة العامة للتأمين
771,['ثقة نظم جهز حكم ملك عرب سعد حدد اثر'],الثقة التنظيمية في الأجهزة الحكومية بالمملكة العربية السعودية : بعض المحددات والآثار 
772,['غلل كشف إدر عمل عدة نول عضل ناج'],الاستغلال والاستكشاف وإدارة العمليات : إعادة تناول معضلة الإنتاجية
773,['جدر بأي سمى اخر عدة صيغ بدأ اول خدم دنة'],الجدارة بأي مسمى آخر : إعادة صياغة المبدأ الأول للخدمة المدنية
774,['قصء سرد بحث ربط'],الاستقصاء السردي والبحث عن الترابط
775,['دور ؤسس نمي دري تمك قيد نسي وجه تحد قيد درس يدن'],"دور مؤسسات التنمية الادارية في تمكين القيادات النسائية من مواجهة تحديات القيادة"" دراسة ميدانية"
776,['سئل كبرى علم جال درة عمة'],الاسئلة الكبرى في التعليم في مجال الادارة العامة
777,['سلك وطن نظم جهز حكم قطر'],سلوك المواطنة التنظيمية في الاجهزة الحكومية القطرية
778,['حدد طلب ياه غرض زلي درس حلل نطق ريض ملك عرب سعد'], محددات الطلب على المياه للأغراض المنزلية : دراسة تحليلية لمنطقة الرياض والمملكة العربية السعودية 
779,['درة ازم درس يدن مدى وفر عنصر نظم درة ازم وجه نظر عمل وظف'],إدارة الأزمات : دراسة ميدانية لمدى توافر عناصر نظام إدارة الأزمات من وجهة نظر العاملين في الوظائف
780,['درة جهد تعلق جود بيئ رعي صحة طبق'], إدارة الجهد المتعلق بالجودة في بيئة الرعاية الصحية : تطبيق 
781,['حجة طلق قيد نظم سجل عين عقر درس نظم ملك عرب سعد'],الحجية المطلقة للقيد في نظام التسجيل العيني للعقارات : دراسة للنظام في المملكة العربية السعودية
782,['قيم هجي علم اطر فكر نظر حسب يجب'],تقييم المنهجية العلمية للإطار الفكري لنظرية المحاسبة الإيجابية
783,['درة ازم وقي علج درس سحة صرف ارد'],ادارة الأزمات بين الوقائية والعلاجية : دراسة مسحية في المصارف الأردنية
784,['قيم جرب جزر عدة قوم اصل ثبت قبل هلك درس حلل يدن'],تقييم تجربة الجزائر في إعادة تقويم الأصول الثابتة القابلة للاهتلاك : دراسة تحليلية ميدانية
785,['عرض كتب عدة هندس درة طلب حتم قيد جدد'],عرض كتاب : إعادة هندسة الإدارة المطلب الحتمي للقيادة الجديدة
786,['قيم صمم إرسال بان عبر شبك نرن علم'],تقييم تصميم وإرسال الاستبانة عبر شبكة الإنترنت العالمية
787,['عرض نقد كتب سيس عمة نظر طبق'],عرض نقدي لكتاب : السياسات العامة : النظرية والتطبيق
788,['درة كفء قرن حدي عشر'], إدارة الكفاءات للقرن الحادي والعشرون
789,['دور قبل لمه حسب رجع سعد ضوء تفق نظم جار علم'],الدور المستقبلي لمهنة المحاسبة والمراجعة السعودية في ضوء اتفاقيات منظمة التجارة العالمية 
790,['قيم نهج عان عمل علم نشر مجل علم دري درس طبق'],تقييم لمنهجية المعاينة للأعمال العلمية المنشورة في مجلات العلوم الإدارية : دراسة تطبيقية
791,['فكر حسن نية جال جنس درس حلل نصص نظم جنس عرب سعد'],فكرة حسن النية في مجال الجنسية : دراسة تحليلية لنصوص نظام الجنسية العربية السعودية
792,['وذج نظر لسق عمل سعد سيس وظف عمل وطن'], نموذج نظري لسوق العمل السعودي وسياسات توظيف العمالة الوطنية 
793,['عمل حدد خير عملاء سعد بنك دين ريض ملك عرب سعد'], العوامل المحددة لاختيار العملاء السعوديين للبنوك في مدينة الرياض بالمملكة العربية السعودية 
794,['غرب وظف صدر درس يدن علق بعض تغر شخص نظم قطع'],الاغتراب الوظيفي ومصادره : دراسة ميدانية حول علاقتهما ببعض المتغيرات الشخصية والتنظيمية في القطاع
795,['درة نزع نجح مشاريع شائ رجع ادب طور اطر ظرى'],إدارة النزاع ونجاح المشاريع الإنشائية : مراجعة للأدبيات وتطوير إطار نظرى
796,['هل لدك نظم ذات صمم جيد'], هل لديك منظمة ذات تصميم جيد
797,['اثر خدم كنولوج علم هنة دقق قطع شرك صنع ارد درس يدن'],أثر استخدام تكنولوجيا المعلومات على مهنة التدقيق في قطاع الشركات الصناعية في الاردن : دراسة ميدانية
798,['دمج ارد درس يدن بنك جرة'],الاندماج في الاردن : دراسة ميدانية على البنوك التجارية
799,['قيس جود خدم صرف بنك وطن جرة قطر درس يدن'],قياس جودة الخدمات المصرفية للبنوك الوطنية التجارية القطرية : دراسة ميدانية
800,['توط وظف قطع جار درس يدن'],توطين الوظائف في قطاع التجارة : دراسة ميدانية
801,['ادر عمل نظم قوم ادء علق بعض عمل شخص نظم درس يدن'],أدرك العاملين لنظام تقويم الأداء وعلاقته ببعض العوامل الشخصية والتنظيمية : دراسة ميدانية
802,['وقع فيد بعد حدد لرض جود خدم درس جهز حكم عامل بشر'],توقعات المستفيدين والأبعاد المحددة لرضاهم عن جودة الخدمات: دراسة على الأجهزة الحكومية المتعاملة مباشرة
803,['كيف يؤد غير اسس قيس حسب الى غير سلك دري عرض ادل'],كيف يؤدي التغيير في أسس القياس المحاسبي إلى التغيير في السلوك الاداري؟ استعراض للأدلة
804,['جرم حسب الي نرن صعب عرض كفح'],جرائم الحاسب الألي والإنترنت : الصعوبات التي تعترض المكافحة
805,['لقد حان إدر طرق ذات غزى فئد بحث سرد بحث درة عمة'],لقد حان الوقت لإدراك طريقة ذات مغزى فوائد البحث السردي في بحوث الإدارة العامة
806,['جرم غلل نفذ قان قرن نظم سعد'],جريمة استغلال النفوذ في القانون المقارن والنظام السعودية
807,['ابعد درة عرف'],مابعد إدارة المعرفة
808,['جرم حيل سوق الة وفق نظم سعد'],جريمة الاحتيال في السوق المالية وفقاً للنظام السعودي
809,['بدأ حرة نفس عقد نفذ عقد دري ضبط نظم سعد درس حلل'],مبدأ حرية التنافس في التعاقد في تنفيذ العقود الإدارية وضوابطه في النظام السعودي : دراسة تحليلية
810,['جرم سرق مال معلوماتي قون عصر'],جريمة سرقة المال المعلوماتي في القوانين المعاصرة 
811,['حدد خير درة سيس حسب دخل سجب درس اختبارية شرك سعد'],محددات اختيار الإدارة للسياسات المحاسبية : المدخل الإسجابي ـ دراسة اختبارية على الشركات السعودية
812,['جهد طور دري كوت درس قيم يدن'],جهود التطوير الإداري في الكويت : دراسة تقييمية ميدانية
813,['دور درة جمع مصر ضوء تحد عصر'],أدوار الإدارة الجامعية في مصر في ضوء التحديات المعاصرة
814,['جنب نفذ حسم درة جود كلة'],جوانب تنفيذية حاسمة في ادارة الجودة الكلية
815,['حدد سلك دري خير سيس حسب ضوء نظر يجب درس اختبارية'],محددات السلوك الاداري في اختيار السياسات المحاسبية في ضوء النظرية الايجابية : دراسة اختبارية
816,['جئز جود درس قرن نظر ربو'],جوائز الجودة : دراسة مقارنة من منظور تربوي
817,['حدد هيكل مول شرك صنع سهم ملك عرب سعد'],محددات الهيكل التمويلي للشركات الصناعية المساهمة في المملكة العربية السعودية 
818,['جود خدم برد ملك عرب سعد'],جودة الخدمات البريدية في المملكة العربية السعودية
819,['علق نظم علم يزة نفس قطع دوي ارد'],العلاقة بين نظم المعلومات والميزة التنافسية في قطاع الأدوية الأردني
820,['تجه درة علا طبق وصف يزو 9000 شرك سعد صنع سسي سبك'],اتجاهات الإدارة العليا نحو تطبيق مواصفات (الأيزو 9000) في الشركة السعودية للصناعات الأساسية سابك
821,['خطر امن نظم علم حسب الكترونية درس يدن شآت سعد'],مخاطر أمن نظم المعلومات المحاسبية الإلكترونية : دراسة ميدانية على المنشآت السعودية
822,['حدد لزم هني رجع حسب خرج تجه عملاء استخدامه أسلوب صدق'],حدود الالتزام المهني لمراجع الحسابات الخارجي تجاه العملاء عند استخدامه لأسلوب المصادقات
823,['دخل قرح طور دور علم حسب فهم كامل جود شمل'],مدخل مقترح لتطوير دور المعلومات المحاسبيه في اطار المفهوم المتكامل للجودة الشاملة
824,['درة عرف طور نظم طمح تحد'], إدارة المعرفة وتطوير المنظمات الطموحات والتحديات
825,['مدى حسس وظفى دئر حكم ارد محافظتى كرك طفل عدل نظم درس يدن'],مدى إحساس موظفى الدوائر الحكومية الأردنية في محافظتى الكرك والطفيلة بالعدالة التنظيمية : دراسة ميدانية
826,['فاق عمم ثمر خاص خير اثر زحم عبر عان عاد'],الإنفاق العمومي والاستثمار الخاص : اختيار أثر المزاحمة عبر المعاينة المعادة
827,['مدى عدد دير لاستخدام فرق عمل جهز حكم درس استطلاعية جهز دري'],مدى استعداد المديرين لاستخدام فرق العمل في الأجهزة الحكومية : دراسة استطلاعية على الأجهزة الإدارية
828,['همي نسب مواضيع حسب بدئ حوكم شرك قيس موز قرح'],الأهمية النسبية للمواضيع المحاسبية في مبادئ حوكمة الشركات: مقياس موزون مقترح
829,['مدى همم جمر ارد طبق ضبط رقب لأم علم حسب بيئ كنولوج'],مدى اهتمام الجمارك الأردنية بتطبيق الضوابط الرقابية لأمن المعلومات المحاسبية في بيئة تكنولوجيا
830,['تحد وجه شآت صحة خصة نطق ريض الب وجه'],التحديات التي تواجهها المنشآت الصحية الخاصة في منطقة الرياض واساليب مواجهتها
831,['مدى دقة نسب الة بئو عثر بنك درس يدن قطع صرف ارد'],مدى دقة النسب المالية في التنبئو بتعثر البنوك : دراسة ميدانية على القطاع المصرفي الأردني
832,['تحد عصر أمام ورد بشر عرب سبل غلب'],التحديات المعاصرة أمام الموارد البشرية العربية وسبل التغلب عليها
833,['عمل برح امت مرس دري'],العمل بروح الامتنان في الممارسة الإدارية 
834,['خصخص شرك كهرباء ارد درس يدن لتج دير درا'],خصخصة شركات الكهرباء الأردنية : دراسة ميدانية لاتجاهات مديري اداراتها
835,['اسس طبق نظر ظرف طرئ قان قرن شرع سلم'],اساس تطبيق نظرية الظروف الطارئة بين القانون المقارن والشريعة الإسلامية
836,['دخل شبك عون درس فاد دير قطع عام'],داخل الشبكات التعاونية : عشرة دروس مستفادة لمديري القطاع العام
837,['عمل حدد عمل صحة سعد وزر صحة'],العوامل المحددة للعمالة الصحية غير السعودية في وزارة الصحة
838,['تحس سمر جود فهم وكف طبق نظم صحة'],التحسين المستمر للجودة : المفهوم وكيفية التطبيق في المنظمات الصحية
839,['عدل عمل نشر شآت صغر توسط ملك عرب سعد'],معدل وعوامل انتشار المنشآت الصغيرة والمتوسطة في المملكة العربية السعودية
840,['درس علق عدل ركم طلب قرر كمة بعض عمل خرى طبق'],دراسة العلاقة بين المعدل التراكمي للطالب في المقررات الكمية وبعض العوامل الاخرى مع التطبيق
841,['عوق فصح بيئ قرر الة حلة جمهور مصر عرب'],معوقات الإفصاح البيئي في التقارير المالية : حالة جمهورية مصر العربية
842,['حلل لحق سلب بحث رجع كمة درس سبق'],التحليل اللاحق : أسلوب البحث من خلال المراجعة الكمية للدراسات السابقة
843,['قرن خصص وتج رؤس بعض سلك قيد نبؤ لزم نظم رؤس'],مقارنة بعض خصائص واتجاهات المرؤسين وبعض سلوكيات القيادة في التنبؤ بالالتزام التنظيمي للمرؤوسين
844,['درس حلل قيس طلب ورد صدر سعد ثلث 1968 1997'],دراسة تحليلية قياسية للطلب من الواردات والصادرات السعودية خلال ثلاثين عاما 1968 - 1997
845,['قوم دير نفذ فعل'],مقومات المدير التنفيذي الفعال
846,['درس حلل لتج بحث حسب نشر ملك عرب سعد'],دراسة تحليلية لاتجاهات البحوث المحاسبية المنشورة في المملكة العربية السعودية
847,['هار قيد فرق عمل دير درس ثني عمة كلئ بحر'],مهارات قيادة فريق العمل لدى مديري المدارس الثانوية العامة ووكلائها بالبحيرة
848,['تجه شغل وظف قيد وزر ادر حكم دول كوت فوض سلط'],اتجاهات شاغلي الوظائف القيادية في الوزارات والإدارات الحكومية في دولة الكويت نحو تفويض السلطة
849,['وقف ديو ظلم نفذ قرر دري علق شرط وقف'],موقف ديوان المظالم من نفاذ القرار الاداري المعلق على شرط واقف
850,['درس قوم فعل نظم كلي قني ملك عرب سعد'],دراسة تقويمية للفعالية التنظيمية للكليات التقنية بالمملكة العربية السعودية
851,['عمل ؤثر توج سوق شآت صغر'],العوامل المؤثرة في التوجه التسويقي في المنشآت الصغيرة
852,['تطر حدث عصر حسب قوم'],التطورات الحديثة والمعاصرة في المحاسبة القومية
853,['نظم عمل سعد جدد عرض علق'],نظام العمل السعودي الجديد : عرض وتعليق
854,['درس سحة نهج قيس قصد حسب ودر خدم مثل ورد ائة مصر'],دراسة مسحية لمناهج القياس الاقتصادي والمحاسبي ودورها في الاستخدام الأمثل للموارد المائية في مصر
855,['نظر طرق فصل خلف خلف نشئ ثمر جنب وفق نظم ثمر جنب'],نظرة حول طرق الفصل في المخالفات والخلافات الناشئة عن الاستثمار الأجنبي وفقاً لنظام الاستثمار الأجنبي
856,['درس قرن نظر قيد أسلوب حلل حدى تخذ قرر مزج مثل نتج'],دراسة مقارنة لنظرية القيود وأسلوب التحليل الحدى لاتخاذ قرارات المزج الأمثل للمنتجات
857,['نظر فسد ابن خلد'],نظرية الفساد عند ابن خلدون
858,['عقد غئب شرع دول عرب'],التعاقد بين غائبين في تشريعات الدول العربية
859,['همي علم هني سمر حسب قنو'], أهمية التعليم المهني المستمر للمحاسب القانوني
860,['علم نظم قوم ادء ركز خدم رجع ؤسس عمة خدم وذج قرح'],التعلم التنظيمي وتقويم الأداء في مراكز خدمة مراجعي المؤسسات العامة الخدمية : نموذج مقترح
861,['عمل ؤثر مرس علم نظم بلد ارد'],العوامل المؤثرة في ممارسة التعليم التنظيمي في البلديات الأردنية
862,['علم ازم كتر نظر علم ودل ضام درة ازم قبل'],التعليم من أزمة كاترينا: منظور عالمي ودولي مع مضامين حول إدارة الأزمات في المستقبل
863,['هل مايزال شبح ريدر يلر يسك روق حكم نظر الى فهم كفء حكم عصر'],هل مايزال شبح فريدريك تايلور يسكن أروقة الحكومة؟ نظرة إلى مفهوم الكفاءة الحكومية في عصرنا
864,['اثر ضمم ملك عرب سعد نظم جار علم wot قطع صرف سعد'],آثار انضمام المملكة العربية السعودية الى منظمة التجارة العالمية (WOT) على القطاع المصرفي السعودي
865,['رمج خطط سار وظف مرس صعب نظم عمل سعد'], برامج تخطيط المسار الوظيفي : الممارسات والصعوبات في منظمات الاعمال السعودية 
866,['دفع عمل علق نظم قيم شخص وظفى قطع عام نطق بلد نغز ليب'],دوافع العمل وعلاقتها بنظم القيم الشخصية لدى موظفى القطاع العام في منطقة ( بلدية ) بنغازي - ليبيا
867,['خدم شبك نرن اعل كترو منش حسب الي سعد'],استخدام شبكة الانترنت في الاعلان الالكتروني في منشات الحاسب الالي السعودية
868,['دفع جزئ سهم سوق سهم سعد'],دوافع تجزئة السهم في سوق الأسهم السعودية
869,['فيش حقق درس قرن'],التفتيش التحقيقي : دراسة مقارنة
